"do_id","term"
"DOID:1612","breast cancer"
"DOID:5419","schizophrenia"
"DOID:5672","large intestine cancer"
"DOID:9256","colorectal cancer"
"DOID:0080199","colorectal carcinoma"
"DOID:10283","prostate cancer"
"DOID:3571","liver cancer"
"DOID:684","hepatocellular carcinoma"
"DOID:3459","breast carcinoma"
"DOID:3312","bipolar disorder"
"DOID:1595","endogenous depression"
"DOID:1596","mental depression"
"DOID:1470","major depressive disorder"
"DOID:2848","melancholia"
"DOID:1059","intellectual disability"
"DOID:8927","learning disability"
"DOID:1324","lung cancer"
"DOID:12849","autistic disorder"
"DOID:10534","stomach cancer"
"DOID:1574","alcohol use disorder"
"DOID:12139","dysthymic disorder"
"DOID:4964","neurotic disorder"
"DOID:3393","coronary artery disease"
"DOID:0050741","alcohol dependence"
"DOID:3905","lung carcinoma"
"DOID:3683","lung benign neoplasm"
"DOID:9352","type 2 diabetes mellitus"
"DOID:1909","melanoma"
"DOID:9970","obesity"
"DOID:10763","hypertension"
"DOID:10825","essential hypertension"
"DOID:11832","visual epilepsy"
"DOID:4465","papillary renal cell carcinoma"
"DOID:3112","papillary adenocarcinoma"
"DOID:3969","thyroid gland papillary carcinoma"
"DOID:5614","eye disease"
"DOID:557","kidney disease"
"DOID:3910","lung adenocarcinoma"
"DOID:3324","mood disorder"
"DOID:7148","rheumatoid arthritis"
"DOID:9119","acute myeloid leukemia"
"DOID:305","carcinoma"
"DOID:289","endometriosis"
"DOID:4015","spindle cell carcinoma"
"DOID:219","colon cancer"
"DOID:0060224","atrial fibrillation"
"DOID:11432","endometriosis of ovary"
"DOID:4001","ovarian carcinoma"
"DOID:3908","lung non-small cell carcinoma"
"DOID:235","colonic benign neoplasm"
"DOID:4450","renal cell carcinoma"
"DOID:4467","clear cell renal cell carcinoma"
"DOID:0050387","nonpapillary renal cell carcinoma"
"DOID:9452","fatty liver disease"
"DOID:11612","polycystic ovary syndrome"
"DOID:11054","urinary bladder cancer"
"DOID:9975","cocaine dependence"
"DOID:10952","nephritis"
"DOID:2921","glomerulonephritis"
"DOID:1790","malignant mesothelioma"
"DOID:1936","atherosclerosis"
"DOID:2348","arteriosclerotic cardiovascular disease"
"DOID:2645","benign mesothelioma"
"DOID:2394","ovarian cancer"
"DOID:676","juvenile rheumatoid arthritis"
"DOID:10003","sensorineural hearing loss"
"DOID:6000","congestive heart failure"
"DOID:4464","collecting duct carcinoma"
"DOID:4471","chromophobe renal cell carcinoma"
"DOID:4473","sarcomatoid renal cell carcinoma"
"DOID:5418","schizoaffective disorder"
"DOID:0050700","cardiomyopathy"
"DOID:162","cancer"
"DOID:809","cocaine abuse"
"DOID:1749","squamous cell carcinoma"
"DOID:2468","psychotic disorder"
"DOID:0080348","Alzheimer's disease 1"
"DOID:0110035","Alzheimer's disease 2"
"DOID:0110037","Alzheimer's disease 5"
"DOID:0110038","Alzheimer's disease 6"
"DOID:0110039","Alzheimer's disease 7"
"DOID:0110041","Alzheimer's disease 8"
"DOID:0110043","Alzheimer's disease 10"
"DOID:0110044","Alzheimer's disease 11"
"DOID:0110045","Alzheimer's disease 12"
"DOID:0110046","Alzheimer's disease 13"
"DOID:0110047","Alzheimer's disease 14"
"DOID:0110048","Alzheimer's disease 15"
"DOID:10652","Alzheimer's disease"
"DOID:1443","cerebral degeneration"
"DOID:1148","polydactyly"
"DOID:11847","coronary thrombosis"
"DOID:5844","myocardial infarction"
"DOID:9408","acute myocardial infarction"
"DOID:11328","schizophreniform disorder"
"DOID:299","adenocarcinoma"
"DOID:4903","granular cell carcinoma"
"DOID:4929","tubular adenocarcinoma"
"DOID:5076","mixed glioma"
"DOID:5675","cribriform carcinoma"
"DOID:302","substance abuse"
"DOID:303","substance-related disorder"
"DOID:3068","glioblastoma multiforme"
"DOID:1826","epilepsy"
"DOID:11949","Creutzfeldt-Jakob disease"
"DOID:13580","cholestasis"
"DOID:1793","pancreatic cancer"
"DOID:2234","focal epilepsy"
"DOID:3327","partial motor epilepsy"
"DOID:4905","pancreatic carcinoma"
"DOID:11105","fundus albipunctatus"
"DOID:10584","retinitis pigmentosa"
"DOID:2527","nephrosis"
"DOID:5082","liver cirrhosis"
"DOID:526","human immunodeficiency virus infectious disease"
"DOID:635","acquired immunodeficiency syndrome"
"DOID:2797","idiopathic interstitial pneumonia"
"DOID:3021","acute kidney failure"
"DOID:381","arthropathy"
"DOID:0080202","adenoid cystic carcinoma"
"DOID:0110892","inflammatory bowel disease 1"
"DOID:4866","salivary gland adenoid cystic carcinoma"
"DOID:2841","asthma"
"DOID:848","arthritis"
"DOID:9360","intrinsic asthma"
"DOID:9415","allergic asthma"
"DOID:0060891","Parkinson's disease 19A"
"DOID:3620","central nervous system cancer"
"DOID:3748","esophagus squamous cell carcinoma"
"DOID:7912","mixed oligodendroglioma-astrocytoma"
"DOID:0060896","Parkinson's disease 23"
"DOID:3070","malignant glioma"
"DOID:543","dystonia"
"DOID:8398","osteoarthritis"
"DOID:0060895","Parkinson's disease 4"
"DOID:14330","Parkinson's disease"
"DOID:0060041","autism spectrum disorder"
"DOID:0060578","Noonan syndrome 1"
"DOID:2962","Cockayne syndrome"
"DOID:3074","giant cell glioblastoma"
"DOID:0060608","microcephalic osteodysplastic primordial dwarfism type I"
"DOID:6683","Aarskog syndrome"
"DOID:0050569","Seckel syndrome"
"DOID:0060580","Noonan syndrome 2"
"DOID:0060581","Noonan syndrome 3"
"DOID:0060582","Noonan syndrome 4"
"DOID:0060583","Noonan syndrome 5"
"DOID:0060584","Noonan syndrome 6"
"DOID:0060585","Noonan syndrome 7"
"DOID:0060586","Noonan syndrome 8"
"DOID:0060587","Noonan syndrome 9"
"DOID:0060588","Noonan syndrome 10"
"DOID:0060609","microcephalic osteodysplastic primordial dwarfism type II"
"DOID:11725","Cornelia de Lange syndrome"
"DOID:11983","Prader-Willi syndrome"
"DOID:14681","Silver-Russell syndrome"
"DOID:14796","Dubowitz syndrome"
"DOID:3490","Noonan syndrome"
"DOID:3770","pulmonary fibrosis"
"DOID:37","skin disease"
"DOID:0110213","isolated cleft palate"
"DOID:5603","acute T cell leukemia"
"DOID:674","cleft palate"
"DOID:1107","esophageal carcinoma"
"DOID:3526","cerebral infarction"
"DOID:6713","cerebrovascular disease"
"DOID:850","lung disease"
"DOID:0110443","dilated cardiomyopathy 1B"
"DOID:5041","esophageal cancer"
"DOID:9074","systemic lupus erythematosus"
"DOID:2349","arteriosclerosis"
"DOID:5162","arteriolosclerosis"
"DOID:670","amphetamine abuse"
"DOID:2871","endometrial carcinoma"
"DOID:10907","microcephaly"
"DOID:11476","osteoporosis"
"DOID:1380","endometrial cancer"
"DOID:224","transient cerebral ischemia"
"DOID:409","liver disease"
"DOID:1824","status epilepticus"
"DOID:2773","contact dermatitis"
"DOID:13739","nutmeg liver"
"DOID:0050908","myelodysplastic syndrome"
"DOID:0060058","lymphoma"
"DOID:0060190","ileocolitis"
"DOID:3042","allergic contact dermatitis"
"DOID:2316","brain ischemia"
"DOID:4989","pancreatitis"
"DOID:1205","allergic hypersensitivity disease"
"DOID:784","chronic kidney disease"
"DOID:8577","ulcerative colitis"
"DOID:2913","acute pancreatitis"
"DOID:576","proteinuria"
"DOID:9952","acute lymphocytic leukemia"
"DOID:0080147","lymphoblastic lymphoma"
"DOID:11984","hypertrophic cardiomyopathy"
"DOID:1811","reflex sympathetic dystrophy"
"DOID:0080326","familial hypertrophic cardiomyopathy"
"DOID:10914","amnestic disorder"
"DOID:3165","skin benign neoplasm"
"DOID:332","amyotrophic lateral sclerosis"
"DOID:4159","skin cancer"
"DOID:5520","head and neck squamous cell carcinoma"
"DOID:707","B-cell lymphoma"
"DOID:870","neuropathy"
"DOID:0110744","type 1 diabetes mellitus 5"
"DOID:0110751","type 1 diabetes mellitus 12"
"DOID:3827","congenital diaphragmatic hernia"
"DOID:4562","subacute bacterial endocarditis"
"DOID:0050635","alternating hemiplegia of childhood"
"DOID:0110741","type 1 diabetes mellitus 2"
"DOID:0110742","type 1 diabetes mellitus 3"
"DOID:0110743","type 1 diabetes mellitus 4"
"DOID:0110745","type 1 diabetes mellitus 6"
"DOID:0110746","type 1 diabetes mellitus 7"
"DOID:0110747","type 1 diabetes mellitus 8"
"DOID:0110749","type 1 diabetes mellitus 10"
"DOID:0110750","type 1 diabetes mellitus 11"
"DOID:0110752","type 1 diabetes mellitus 13"
"DOID:0110753","type 1 diabetes mellitus 15"
"DOID:0110754","type 1 diabetes mellitus 17"
"DOID:0110755","type 1 diabetes mellitus 18"
"DOID:0110756","type 1 diabetes mellitus 19"
"DOID:0110757","type 1 diabetes mellitus 20"
"DOID:0110758","type 1 diabetes mellitus 21"
"DOID:0110759","type 1 diabetes mellitus 22"
"DOID:0110760","type 1 diabetes mellitus 23"
"DOID:0110761","type 1 diabetes mellitus 24"
"DOID:4398","pustulosis of palm and sole"
"DOID:8584","Burkitt lymphoma"
"DOID:8893","psoriasis"
"DOID:9744","type 1 diabetes mellitus"
"DOID:0050745","diffuse large B-cell lymphoma"
"DOID:0060873","isolated growth hormone deficiency type IA"
"DOID:0110424","dilated cardiomyopathy 1CC"
"DOID:0110428","dilated cardiomyopathy 1AA"
"DOID:0110434","dilated cardiomyopathy 1Z"
"DOID:0110438","dilated cardiomyopathy 1JJ"
"DOID:0110439","dilated cardiomyopathy 1P"
"DOID:0110441","dilated cardiomyopathy 2B"
"DOID:0110444","dilated cardiomyopathy 1X"
"DOID:0110445","dilated cardiomyopathy 1KK"
"DOID:0110446","dilated cardiomyopathy 1W"
"DOID:0110447","dilated cardiomyopathy 1DD"
"DOID:0110450","dilated cardiomyopathy 1II"
"DOID:0110457","dilated cardiomyopathy 1Y"
"DOID:0110458","dilated cardiomyopathy 1BB"
"DOID:11394","adult respiratory distress syndrome"
"DOID:14004","thoracic aortic aneurysm"
"DOID:574","peripheral nervous system disease"
"DOID:0050902","medulloblastoma"
"DOID:0110423","dilated cardiomyopathy 1C"
"DOID:0110426","dilated cardiomyopathy 1D"
"DOID:0110427","dilated cardiomyopathy 1V"
"DOID:0110429","dilated cardiomyopathy 1H"
"DOID:0110430","dilated cardiomyopathy 1G"
"DOID:0110431","dilated cardiomyopathy 1I"
"DOID:0110432","dilated cardiomyopathy 1NN"
"DOID:0110433","dilated cardiomyopathy 1E"
"DOID:0110435","dilated cardiomyopathy 1GG"
"DOID:0110436","dilated cardiomyopathy 1L"
"DOID:0110437","dilated cardiomyopathy 1K"
"DOID:0110442","dilated cardiomyopathy 1Q"
"DOID:0110448","dilated cardiomyopathy 1HH"
"DOID:0110449","dilated cardiomyopathy 1M"
"DOID:0110451","dilated cardiomyopathy 1O"
"DOID:0110452","dilated cardiomyopathy 1T"
"DOID:0110453","dilated cardiomyopathy 1EE"
"DOID:0110454","dilated cardiomyopathy 1S"
"DOID:0110455","dilated cardiomyopathy 1U"
"DOID:0110456","dilated cardiomyopathy 1R"
"DOID:0110459","dilated cardiomyopathy 1FF"
"DOID:0110460","dilated cardiomyopathy 2A"
"DOID:0110461","X-linked dilated cardiomyopathy"
"DOID:1040","chronic lymphocytic leukemia"
"DOID:1240","leukemia"
"DOID:12930","dilated cardiomyopathy"
"DOID:1703","Richter's syndrome"
"DOID:5409","lung small cell carcinoma"
"DOID:552","pneumonia"
"DOID:863","nervous system disease"
"DOID:0060193","amyotrophic lateral sclerosis type 1"
"DOID:0080144","childhood acute lymphocytic leukemia"
"DOID:0090078","hypogonadotropic hypogonadism 7 with or without anosmia"
"DOID:11724","limb-girdle muscular dystrophy"
"DOID:11727","facioscapulohumeral muscular dystrophy"
"DOID:8469","influenza"
"DOID:0060192","Crohn's colitis"
"DOID:0060872","isolated growth hormone deficiency type II"
"DOID:0060875","isolated growth hormone deficiency type III"
"DOID:0110425","dilated cardiomyopathy 1A"
"DOID:12336","male infertility"
"DOID:3861","medullomyoblastoma"
"DOID:3864","adult medulloblastoma"
"DOID:3868","melanotic medulloblastoma"
"DOID:3869","childhood medulloblastoma"
"DOID:8778","Crohn's disease"
"DOID:9253","gastrointestinal stromal tumor"
"DOID:9406","hypopituitarism"
"DOID:0060870","isolated growth hormone deficiency"
"DOID:0060874","isolated growth hormone deficiency type IB"
"DOID:0060903","thrombosis"
"DOID:2914","immune system disease"
"DOID:700","mitochondrial metabolism disease"
"DOID:778","delusional disorder"
"DOID:0090070","hypogonadotropic hypogonadism"
"DOID:0090071","hypogonadotropic hypogonadism 11 with or without anosmia"
"DOID:0090072","hypogonadotropic hypogonadism 12 with or without anosmia"
"DOID:0090073","hypogonadotropic hypogonadism 13 with or without anosmia"
"DOID:0090074","hypogonadotropic hypogonadism 8 with or without anosmia"
"DOID:0090076","hypogonadotropic hypogonadism 18 with or without anosmia"
"DOID:0090077","hypogonadotropic hypogonadism 4 with or without anosmia"
"DOID:0090079","hypogonadotropic hypogonadism 17 with or without anosmia"
"DOID:0090080","hypogonadotropic hypogonadism 16 with or without anosmia"
"DOID:0090081","hypogonadotropic hypogonadism 22 with or without anosmia"
"DOID:0090082","hypogonadotropic hypogonadism 20 with or without anosmia"
"DOID:0090083","hypogonadotropic hypogonadism 2 with or without anosmia"
"DOID:0090084","hypogonadotropic hypogonadism 5 with or without anosmia"
"DOID:0090085","hypogonadotropic hypogonadism 9 with or without anosmia"
"DOID:0090086","hypogonadotropic hypogonadism 6 with or without anosmia"
"DOID:0090087","hypogonadotropic hypogonadism 14 with or without anosmia"
"DOID:0090089","hypogonadotropic hypogonadism 10 with or without anosmia"
"DOID:0090090","hypogonadotropic hypogonadism 19 with or without anosmia"
"DOID:0090092","hypogonadotropic hypogonadism 3 with or without anosmia"
"DOID:0090093","hypogonadotropic hypogonadism 21 with or without anosmia"
"DOID:0090094","hypogonadotropic hypogonadism 1 with or without anosmia"
"DOID:3347","osteosarcoma"
"DOID:3614","Kallmann syndrome"
"DOID:769","neuroblastoma"
"DOID:9410","panhypopituitarism"
"DOID:9476","Sheehan syndrome"
"DOID:0110594","primary ciliary dyskinesia 1"
"DOID:10608","celiac disease"
"DOID:12236","primary biliary cirrhosis"
"DOID:1682","congenital heart disease"
"DOID:2030","anxiety disorder"
"DOID:3652","Leigh disease"
"DOID:591","phobic disorder"
"DOID:9562","primary ciliary dyskinesia"
"DOID:0060318","acute promyelocytic leukemia"
"DOID:114","heart disease"
"DOID:1631","benign breast phyllodes tumor"
"DOID:2377","multiple sclerosis"
"DOID:263","kidney cancer"
"DOID:3717","gastric adenocarcinoma"
"DOID:8850","salivary gland cancer"
"DOID:0060188","jejunoileitis"
"DOID:0060191","gastroduodenal Crohn's disease"
"DOID:14320","generalized anxiety disorder"
"DOID:1837","diabetic ketoacidosis"
"DOID:3963","thyroid gland carcinoma"
"DOID:9538","multiple myeloma"
"DOID:0050777","Joubert syndrome"
"DOID:182","calcinosis"
"DOID:2326","gastroenteritis"
"DOID:3234","central nervous system lymphoma"
"DOID:417","autoimmune hypersensitivity disease"
"DOID:628","combined T cell and B cell immunodeficiency"
"DOID:11014","anorectal stricture"
"DOID:11335","sarcoidosis"
"DOID:12642","hiatus hernia"
"DOID:2671","transitional cell carcinoma"
"DOID:3458","breast adenocarcinoma"
"DOID:626","complement deficiency"
"DOID:8923","skin melanoma"
"DOID:1289","neurodegenerative disease"
"DOID:13548","secondary Parkinson disease"
"DOID:6432","pulmonary hypertension"
"DOID:9351","diabetes mellitus"
"DOID:1319","brain cancer"
"DOID:9296","cleft lip"
"DOID:0050589","inflammatory bowel disease"
"DOID:0050776","non-syndromic X-linked intellectual disability"
"DOID:1074","kidney failure"
"DOID:2048","autoimmune hepatitis"
"DOID:3083","chronic obstructive pulmonary disease"
"DOID:4676","uremia"
"DOID:0040085","bacterial sepsis"
"DOID:1287","cardiovascular system disease"
"DOID:1781","thyroid gland cancer"
"DOID:1974","adenosarcoma"
"DOID:2154","nephroblastoma"
"DOID:2355","anemia"
"DOID:2891","thyroid adenoma"
"DOID:3310","atopic dermatitis"
"DOID:4362","cervical cancer"
"DOID:83","cataract"
"DOID:0050144","Kartagener syndrome"
"DOID:0050572","cone-rod dystrophy"
"DOID:0050588","muscular dystrophy-dystroglycanopathy"
"DOID:1312","focal segmental glomerulosclerosis"
"DOID:2513","basal cell carcinoma"
"DOID:2986","IgA glomerulonephritis"
"DOID:3172","papillary adenoma"
"DOID:5403","microcystic adenoma"
"DOID:6204","follicular adenoma"
"DOID:657","adenoma"
"DOID:2237","hepatitis"
"DOID:4195","hyperglycemia"
"DOID:5119","ovarian cyst"
"DOID:0050882","spinocerebellar ataxia type 5"
"DOID:0050954","spinocerebellar ataxia type 1"
"DOID:0050955","spinocerebellar ataxia type 2"
"DOID:0050956","spinocerebellar ataxia type 6"
"DOID:0050958","spinocerebellar ataxia type 7"
"DOID:1441","autosomal dominant cerebellar ataxia"
"DOID:1849","cannabis dependence"
"DOID:3525","middle cerebral artery infarction"
"DOID:4960","bone marrow cancer"
"DOID:0060295","complement component 2 deficiency"
"DOID:0060297","complement component 4a deficiency"
"DOID:0060298","complement component 4b deficiency"
"DOID:0060299","complement component 6 deficiency"
"DOID:0060300","complement component 7 deficiency"
"DOID:0060301","type I complement component 8 deficiency"
"DOID:0060302","type II complement component 8 deficiency"
"DOID:0060303","complement component 9 deficiency"
"DOID:0060469","Miller-Dieker lissencephaly syndrome"
"DOID:11934","head and neck cancer"
"DOID:1588","thrombocytopenia"
"DOID:2226","myeloproliferative neoplasm"
"DOID:9775","diastolic heart failure"
"DOID:0060060","non-Hodgkin lymphoma"
"DOID:10487","Hirschsprung's disease"
"DOID:1339","Diamond-Blackfan anemia"
"DOID:1342","congenital hypoplastic anemia"
"DOID:13619","extrahepatic cholestasis"
"DOID:14221","abdominal obesity-metabolic syndrome 1"
"DOID:2043","hepatitis B"
"DOID:3907","lung squamous cell carcinoma"
"DOID:4556","lung large cell carcinoma"
"DOID:8538","reticulosarcoma"
"DOID:8593","chronic monocytic leukemia"
"DOID:9505","cannabis abuse"
"DOID:0050523","adult T-cell leukemia"
"DOID:0110297","autosomal recessive limb-girdle muscular dystrophy type 2K"
"DOID:0110632","megaconial type congenital muscular dystrophy"
"DOID:0110635","muscular dystrophy-dystroglycanopathy type B5"
"DOID:0110637","muscular dystrophy-dystroglycanopathy type B6"
"DOID:0110980","Joubert syndrome 1"
"DOID:0111246","amyotrophic lateral sclerosis-parkinsonism/dementia complex 1"
"DOID:10966","lipoid nephrosis"
"DOID:1184","nephrotic syndrome"
"DOID:2590","familial nephrotic syndrome"
"DOID:3606","ovarian mucinous adenocarcinoma"
"DOID:423","myopathy"
"DOID:0050426","Stevens-Johnson syndrome"
"DOID:0060180","colitis"
"DOID:0060189","ileitis"
"DOID:0060536","mitochondrial complex I deficiency"
"DOID:0070161","hereditary sensory and autonomic neuropathy type 2"
"DOID:0080379","nephrotic syndrome type 2"
"DOID:0110633","rigid spine muscular dystrophy 1"
"DOID:0110634","congenital muscular dystrophy 1B"
"DOID:0110639","congenital muscular dystrophy due to integrin alpha-7 deficiency"
"DOID:0110640","congenital muscular dystrophy due to LMNA mutation"
"DOID:10871","age related macular degeneration"
"DOID:14018","alcoholic liver cirrhosis"
"DOID:3191","nemaline myopathy"
"DOID:3529","central core myopathy"
"DOID:0070115","Meckel syndrome 1"
"DOID:0111005","cone-rod dystrophy 2"
"DOID:0111040","glycogen storage disease IXd"
"DOID:2018","hyperinsulinism"
"DOID:3602","toxic encephalopathy"
"DOID:3612","retinitis"
"DOID:3883","Lynch syndrome"
"DOID:418","systemic scleroderma"
"DOID:480","movement disease"
"DOID:5679","retinal disease"
"DOID:8552","chronic myeloid leukemia"
"DOID:9206","Barrett's esophagus"
"DOID:9261","nasopharynx carcinoma"
"DOID:9521","Laron syndrome"
"DOID:0050451","Brugada syndrome"
"DOID:0060368","Parkinson's disease 2"
"DOID:0070122","Meckel syndrome 8"
"DOID:0110218","Brugada syndrome 1"
"DOID:0110219","Brugada syndrome 2"
"DOID:0110220","Brugada syndrome 3"
"DOID:0110221","Brugada syndrome 4"
"DOID:0110222","Brugada syndrome 5"
"DOID:0110223","Brugada syndrome 6"
"DOID:0110224","Brugada syndrome 7"
"DOID:0110225","Brugada syndrome 8"
"DOID:0110226","Brugada syndrome 9"
"DOID:14250","Down syndrome"
"DOID:3078","grade III astrocytoma"
"DOID:326","ischemia"
"DOID:0050590","severe congenital neutropenia"
"DOID:0050657","Bannayan-Riley-Ruvalcaba syndrome"
"DOID:0060334","transient neonatal diabetes mellitus"
"DOID:0090003","agenesis of the corpus callosum with peripheral neuropathy"
"DOID:0110151","Charcot-Marie-Tooth disease type 1C"
"DOID:0110159","Charcot-Marie-Tooth disease type 2B"
"DOID:0110160","Charcot-Marie-Tooth disease axonal type 2T"
"DOID:0110161","Charcot-Marie-Tooth disease type 2R"
"DOID:0110163","Charcot-Marie-Tooth disease axonal type 2F"
"DOID:0110167","Charcot-Marie-Tooth disease axonal type 2K"
"DOID:0110168","Charcot-Marie-Tooth disease type 2Y"
"DOID:0110170","Charcot-Marie-Tooth disease axonal type 2Q"
"DOID:0110173","Charcot-Marie-Tooth disease axonal type 2U"
"DOID:0110174","Charcot-Marie-Tooth disease axonal type 2L"
"DOID:0110177","Charcot-Marie-Tooth disease axonal type 2N"
"DOID:0110179","Charcot-Marie-Tooth disease type 2B2"
"DOID:0110186","Charcot-Marie-Tooth disease type 4D"
"DOID:0110187","Charcot-Marie-Tooth disease type 4K"
"DOID:0110192","Charcot-Marie-Tooth disease type 4H"
"DOID:0110194","Charcot-Marie-Tooth disease type 4B3"
"DOID:0110196","Charcot-Marie-Tooth disease type 4G"
"DOID:0110197","Charcot-Marie-Tooth disease dominant intermediate B"
"DOID:0110198","Charcot-Marie-Tooth disease recessive intermediate C"
"DOID:0110199","Charcot-Marie-Tooth disease dominant intermediate C"
"DOID:0110203","Charcot-Marie-Tooth disease recessive intermediate D"
"DOID:0110204","Charcot-Marie-Tooth disease recessive intermediate B"
"DOID:0110205","Charcot-Marie-Tooth disease dominant intermediate E"
"DOID:0110206","Charcot-Marie-Tooth disease dominant intermediate F"
"DOID:0110207","Charcot-Marie-Tooth disease X-linked dominant 6"
"DOID:0110210","Charcot-Marie-Tooth disease X-linked recessive 5"
"DOID:0110212","Charcot-Marie-Tooth disease X-linked recessive 4"
"DOID:0111041","glycogen storage disease IXb"
"DOID:0111042","glycogen storage disease IXa"
"DOID:0111043","glycogen storage disease IXc"
"DOID:2452","thrombophilia"
"DOID:2747","glycogen storage disease"
"DOID:4896","bile duct adenocarcinoma"
"DOID:4897","bile duct carcinoma"
"DOID:4947","cholangiocarcinoma"
"DOID:6726","fibrillary astrocytoma"
"DOID:7005","gemistocytic astrocytoma"
"DOID:7008","protoplasmic astrocytoma"
"DOID:8541","Sezary's disease"
"DOID:936","brain disease"
"DOID:0060597","atypical chronic myeloid leukemia"
"DOID:0060857","septooptic dysplasia"
"DOID:0110123","Bardet-Biedl syndrome 1"
"DOID:0110148","Charcot-Marie-Tooth disease type 1A"
"DOID:0110149","Charcot-Marie-Tooth disease type 1F"
"DOID:0110150","Charcot-Marie-Tooth disease type 1D"
"DOID:0110152","Charcot-Marie-Tooth disease type 1B"
"DOID:0110153","Charcot-Marie-Tooth disease type 1E"
"DOID:0110154","Charcot-Marie-Tooth disease type 2A1"
"DOID:0110155","Charcot-Marie-Tooth disease type 2A2"
"DOID:0110156","Charcot-Marie-Tooth disease type 2B1"
"DOID:0110157","Charcot-Marie-Tooth disease type 2J"
"DOID:0110158","Charcot-Marie-Tooth disease type 2I"
"DOID:0110164","Charcot-Marie-Tooth disease type 2D"
"DOID:0110165","Charcot-Marie-Tooth disease type 2E"
"DOID:0110166","Charcot-Marie-Tooth disease axonal type 2H"
"DOID:0110169","Charcot-Marie-Tooth disease axonal type 2P"
"DOID:0110175","Charcot-Marie-Tooth disease axonal type 2O"
"DOID:0110182","Charcot-Marie-Tooth disease axonal type 2C"
"DOID:0110183","Charcot-Marie-Tooth disease type 4C"
"DOID:0110184","Charcot-Marie-Tooth disease type 4J"
"DOID:0110185","Charcot-Marie-Tooth disease type 4A"
"DOID:0110190","Charcot-Marie-Tooth disease type 4B2"
"DOID:0110191","Charcot-Marie-Tooth disease type 4B1"
"DOID:0110193","Charcot-Marie-Tooth disease type 4F"
"DOID:0110195","Charcot-Marie-Tooth disease type 4E"
"DOID:0110200","Charcot-Marie-Tooth disease dominant intermediate D"
"DOID:0110202","Charcot-Marie-Tooth disease dominant intermediate A"
"DOID:0110208","Charcot-Marie-Tooth disease X-linked recessive 2"
"DOID:0110209","Charcot-Marie-Tooth disease X-linked dominant 1"
"DOID:0110211","Charcot-Marie-Tooth disease X-linked recessive 3"
"DOID:0110267","cataract 44"
"DOID:10595","Charcot-Marie-Tooth disease"
"DOID:11720","distal myopathy"
"DOID:12450","pancytopenia"
"DOID:2477","motor peripheral neuropathy"
"DOID:3069","astrocytoma"
"DOID:3079","juvenile astrocytoma"
"DOID:4079","heart valve disease"
"DOID:4851","pilocytic astrocytoma"
"DOID:4928","intrahepatic cholangiocarcinoma"
"DOID:5077","subependymal giant cell astrocytoma"
"DOID:6811","juvenile pilocytic astrocytoma"
"DOID:7007","childhood cerebral astrocytoma"
"DOID:8692","myeloid leukemia"
"DOID:8864","acute monocytic leukemia"
"DOID:0070116","Meckel syndrome 2"
"DOID:0070117","Meckel syndrome 3"
"DOID:0070118","Meckel syndrome 4"
"DOID:0070119","Meckel syndrome 5"
"DOID:0070120","Meckel syndrome 6"
"DOID:0070247","autosomal dominant Emery-Dreifuss muscular dystrophy 2"
"DOID:10603","glucose intolerance"
"DOID:1063","interstitial nephritis"
"DOID:11400","pyelonephritis"
"DOID:11716","prediabetes syndrome"
"DOID:11717","neonatal diabetes mellitus"
"DOID:13636","Fanconi anemia"
"DOID:2744","pyelitis"
"DOID:419","scleroderma"
"DOID:6406","double outlet right ventricle"
"DOID:0050557","congenital muscular dystrophy"
"DOID:0050562","West syndrome"
"DOID:1094","attention deficit hyperactivity disorder"
"DOID:1227","neutropenia"
"DOID:12382","complex partial epilepsy"
"DOID:12721","multiple epiphyseal dysplasia"
"DOID:12987","agranulocytosis"
"DOID:13241","Behcet's disease"
"DOID:3328","temporal lobe epilepsy"
"DOID:3587","pancreatic ductal carcinoma"
"DOID:3635","congenital myasthenic syndrome"
"DOID:3762","cytochrome-c oxidase deficiency disease"
"DOID:5199","ureteral obstruction"
"DOID:5517","stomach carcinoma"
"DOID:5812","MHC class II deficiency"
"DOID:612","primary immunodeficiency disease"
"DOID:893","Wilson disease"
"DOID:0050458","juvenile myelomonocytic leukemia"
"DOID:0050778","Meckel syndrome"
"DOID:0060061","cutaneous T cell lymphoma"
"DOID:0110716","Warburg micro syndrome 1"
"DOID:11719","oculopharyngeal muscular dystrophy"
"DOID:5426","premature ovarian failure"
"DOID:5744","ovary serous adenocarcinoma"
"DOID:660","adrenal cortex cancer"
"DOID:0050156","idiopathic pulmonary fibrosis"
"DOID:0050650","familial atrial fibrillation"
"DOID:0060491","SPOAN syndrome"
"DOID:0070296","primary autosomal recessive microcephaly"
"DOID:0080221","major affective disorder 2"
"DOID:0080548","LEOPARD syndrome 1"
"DOID:0090103","Huntington's disease-like 1"
"DOID:0090104","Huntington's disease-like 2"
"DOID:0110305","autosomal dominant limb-girdle muscular dystrophy type 1"
"DOID:10591","pre-eclampsia"
"DOID:12217","Lewy body dementia"
"DOID:14291","LEOPARD syndrome"
"DOID:14791","Leber congenital amaurosis"
"DOID:206","hereditary multiple exostoses"
"DOID:2340","craniosynostosis"
"DOID:3687","MELAS syndrome"
"DOID:8543","Hodgkin's lymphoma, lymphocytic-histiocytic predominance"
"DOID:8567","Hodgkin's lymphoma"
"DOID:8628","Hodgkin's lymphoma, lymphocytic depletion"
"DOID:8651","Hodgkin's granuloma"
"DOID:8654","Hodgkin's lymphoma, mixed cellularity"
"DOID:9563","bronchiectasis"
"DOID:0050576","Senior-Loken syndrome"
"DOID:0050886","Troyer syndrome"
"DOID:0060229","Baraitser-Winter syndrome"
"DOID:0060232","branchiootic syndrome"
"DOID:0060245","Mast syndrome"
"DOID:0060255","rippling muscle disease 2"
"DOID:0080092","myofibrillar myopathy 1"
"DOID:0080094","myofibrillar myopathy 3"
"DOID:0110285","autosomal recessive limb-girdle muscular dystrophy type 2Q"
"DOID:0110287","autosomal recessive limb-girdle muscular dystrophy type 2S"
"DOID:0110289","autosomal recessive limb-girdle muscular dystrophy type 2Y"
"DOID:0110292","autosomal recessive limb-girdle muscular dystrophy type 2O"
"DOID:0110294","autosomal recessive limb-girdle muscular dystrophy type 2T"
"DOID:0110295","autosomal recessive limb-girdle muscular dystrophy type 2U"
"DOID:0110298","autosomal recessive limb-girdle muscular dystrophy type 2N"
"DOID:0110304","autosomal dominant limb-girdle muscular dystrophy type 2"
"DOID:0110306","autosomal dominant limb-girdle muscular dystrophy type 3"
"DOID:0110765","hereditary spastic paraplegia 12"
"DOID:0110766","hereditary spastic paraplegia 13"
"DOID:0110767","hereditary spastic paraplegia 14"
"DOID:0110769","hereditary spastic paraplegia 16"
"DOID:0110770","hereditary spastic paraplegia 17"
"DOID:0110772","hereditary spastic paraplegia 19"
"DOID:0110773","hereditary spastic paraplegia 2"
"DOID:0110774","hereditary spastic paraplegia 23"
"DOID:0110775","hereditary spastic paraplegia 24"
"DOID:0110776","hereditary spastic paraplegia 25"
"DOID:0110777","hereditary spastic paraplegia 26"
"DOID:0110778","hereditary spastic paraplegia 27"
"DOID:0110780","hereditary spastic paraplegia 29"
"DOID:0110783","hereditary spastic paraplegia 32"
"DOID:0110785","hereditary spastic paraplegia 34"
"DOID:0110787","hereditary spastic paraplegia 36"
"DOID:0110788","hereditary spastic paraplegia 37"
"DOID:0110789","hereditary spastic paraplegia 38"
"DOID:0110793","hereditary spastic paraplegia 41"
"DOID:0110794","hereditary spastic paraplegia 42"
"DOID:0110795","hereditary spastic paraplegia 43"
"DOID:0110796","hereditary spastic paraplegia 44"
"DOID:0110797","hereditary spastic paraplegia 45"
"DOID:0110798","hereditary spastic paraplegia 46"
"DOID:0110800","hereditary spastic paraplegia 48"
"DOID:0110805","hereditary spastic paraplegia 53"
"DOID:0110806","hereditary spastic paraplegia 54"
"DOID:0110807","hereditary spastic paraplegia 55"
"DOID:0110809","hereditary spastic paraplegia 57"
"DOID:0110811","hereditary spastic paraplegia 6"
"DOID:0110812","hereditary spastic paraplegia 61"
"DOID:0110814","hereditary spastic paraplegia 63"
"DOID:0110815","hereditary spastic paraplegia 64"
"DOID:0110817","hereditary spastic paraplegia 72"
"DOID:0110818","hereditary spastic paraplegia 73"
"DOID:0110820","hereditary spastic paraplegia 75"
"DOID:0110822","hereditary spastic paraplegia 77"
"DOID:0110823","hereditary spastic paraplegia 8"
"DOID:0110824","hereditary spastic paraplegia 9A"
"DOID:0110825","hereditary spastic paraplegia 9B"
"DOID:1168","familial hyperlipidemia"
"DOID:12365","malaria"
"DOID:12858","Huntington's disease"
"DOID:13810","familial hypercholesterolemia"
"DOID:14557","primary pulmonary hypertension"
"DOID:1742","drug psychosis"
"DOID:1800","neuroendocrine carcinoma"
"DOID:2476","hereditary spastic paraplegia"
"DOID:2526","prostate adenocarcinoma"
"DOID:2800","acute interstitial pneumonia"
"DOID:2843","long QT syndrome"
"DOID:4235","spindle cell sarcoma"
"DOID:782","renal infectious disease"
"DOID:8466","retinal degeneration"
"DOID:0050428","nonepidermolytic palmoplantar keratoderma"
"DOID:0050873","follicular lymphoma"
"DOID:0060162","dentatorubral-pallidoluysian atrophy"
"DOID:0060316","orofaciodigital syndrome I"
"DOID:0070271","Lynch syndrome 1"
"DOID:0110227","cataract 32 multiple types"
"DOID:0110273","autosomal dominant limb-girdle muscular dystrophy"
"DOID:0110274","autosomal recessive limb-girdle muscular dystrophy"
"DOID:0110275","autosomal recessive limb-girdle muscular dystrophy type 2A"
"DOID:0110276","autosomal recessive limb-girdle muscular dystrophy type 2B"
"DOID:0110277","autosomal recessive limb-girdle muscular dystrophy type 2C"
"DOID:0110278","autosomal recessive limb-girdle muscular dystrophy type 2D"
"DOID:0110279","autosomal recessive limb-girdle muscular dystrophy type 2E"
"DOID:0110280","autosomal recessive limb-girdle muscular dystrophy type 2F"
"DOID:0110281","autosomal recessive limb-girdle muscular dystrophy type 2G"
"DOID:0110282","autosomal recessive limb-girdle muscular dystrophy type 2H"
"DOID:0110283","autosomal recessive limb-girdle muscular dystrophy type 2J"
"DOID:0110284","autosomal recessive limb-girdle muscular dystrophy type 2L"
"DOID:0110293","autosomal recessive limb-girdle muscular dystrophy type 2P"
"DOID:0110296","autosomal recessive limb-girdle muscular dystrophy type 2M"
"DOID:0110299","autosomal recessive limb-girdle muscular dystrophy type 2I"
"DOID:0110303","autosomal dominant limb-girdle muscular dystrophy type 1H"
"DOID:0110717","Warburg micro syndrome 2"
"DOID:0110718","Warburg micro syndrome 3"
"DOID:0110719","Warburg micro syndrome 4"
"DOID:0110721","neuronal ceroid lipofuscinosis 1"
"DOID:0110763","hereditary spastic paraplegia 10"
"DOID:0110764","hereditary spastic paraplegia 11"
"DOID:0110768","hereditary spastic paraplegia 15"
"DOID:0110771","hereditary spastic paraplegia 18"
"DOID:0110779","hereditary spastic paraplegia 28"
"DOID:0110781","hereditary spastic paraplegia 30"
"DOID:0110782","hereditary spastic paraplegia 31"
"DOID:0110786","hereditary spastic paraplegia 35"
"DOID:0110790","hereditary spastic paraplegia 39"
"DOID:0110791","hereditary spastic paraplegia 3A"
"DOID:0110792","hereditary spastic paraplegia 4"
"DOID:0110801","hereditary spastic paraplegia 49"
"DOID:0110808","hereditary spastic paraplegia 56"
"DOID:0110810","hereditary spastic paraplegia 5A"
"DOID:0110813","hereditary spastic paraplegia 62"
"DOID:0110816","hereditary spastic paraplegia 7"
"DOID:12804","mucopolysaccharidosis IV"
"DOID:2256","osteochondrodysplasia"
"DOID:2583","agammaglobulinemia"
"DOID:2723","dermatitis"
"DOID:3535","Unverricht-Lundborg syndrome"
"DOID:3948","adrenocortical carcinoma"
"DOID:4624","Ollier disease"
"DOID:627","severe combined immunodeficiency"
"DOID:891","progressive myoclonus epilepsy"
"DOID:9884","muscular dystrophy"
"DOID:0050469","Costello syndrome"
"DOID:0050565","autosomal recessive nonsyndromic deafness"
"DOID:0050771","pheochromocytoma"
"DOID:0060010","Omenn syndrome"
"DOID:0060233","cardiofaciocutaneous syndrome"
"DOID:0060308","autosomal recessive non-syndromic intellectual disability"
"DOID:0060359","Sakati-Nyhan syndrome"
"DOID:0060380","orofaciodigital syndrome X"
"DOID:0070274","hereditary nonpolyposis colorectal cancer type 2"
"DOID:0090001","Fraser syndrome"
"DOID:0110127","Bardet-Biedl syndrome 5"
"DOID:0110129","Bardet-Biedl syndrome 7"
"DOID:0110131","Bardet-Biedl syndrome 9"
"DOID:0110133","Bardet-Biedl syndrome 11"
"DOID:0110134","Bardet-Biedl syndrome 12"
"DOID:0110137","Bardet-Biedl syndrome 15"
"DOID:0110235","cataract 2 multiple types"
"DOID:0110248","cataract 30"
"DOID:0110254","cataract 25"
"DOID:0111460","cardiofaciocutaneous syndrome 1"
"DOID:10629","microphthalmia"
"DOID:1138","spinal meningioma"
"DOID:13099","Moyamoya disease"
"DOID:13501","Mobius syndrome"
"DOID:1930","Laurence-Moon syndrome"
"DOID:1935","Bardet-Biedl syndrome"
"DOID:2907","Goldenhar syndrome"
"DOID:3390","palmoplantar keratosis"
"DOID:3565","meningioma"
"DOID:3772","intraventricular meningioma"
"DOID:4141","intraorbital meningioma"
"DOID:4210","clear cell meningioma"
"DOID:4258","Weissenbacher-Zweymuller syndrome"
"DOID:4587","benign meningioma"
"DOID:4588","secretory meningioma"
"DOID:4594","microcystic meningioma"
"DOID:6114","cerebral convexity meningioma"
"DOID:6548","angiomatous meningioma"
"DOID:6869","parasagittal meningioma"
"DOID:701","dentin dysplasia"
"DOID:7210","psammomatous meningioma"
"DOID:7211","fibrous meningioma"
"DOID:7212","meningothelial meningioma"
"DOID:7213","transitional meningioma"
"DOID:8057","olfactory groove meningioma"
"DOID:9455","lipid storage disease"
"DOID:987","alopecia"
"DOID:0001816","angiosarcoma"
"DOID:0060674","catecholaminergic polymorphic ventricular tachycardia"
"DOID:0060675","catecholaminergic polymorphic ventricular tachycardia 1"
"DOID:0070124","congenital nongoitrous hypothyroidism 2"
"DOID:0080036","SOST-related sclerosing bone dysplasia"
"DOID:0080102","congenital fiber-type disproportion"
"DOID:0110055","amelogenesis imperfecta type 3A"
"DOID:0110124","Bardet-Biedl syndrome 2"
"DOID:0110125","Bardet-Biedl syndrome 3"
"DOID:0110126","Bardet-Biedl syndrome 4"
"DOID:0110128","Bardet-Biedl syndrome 6"
"DOID:0110130","Bardet-Biedl syndrome 8"
"DOID:0110132","Bardet-Biedl syndrome 10"
"DOID:0110135","Bardet-Biedl syndrome 13"
"DOID:0110136","Bardet-Biedl syndrome 14"
"DOID:0110138","Bardet-Biedl syndrome 16"
"DOID:0110139","Bardet-Biedl syndrome 17"
"DOID:0110140","Bardet-Biedl syndrome 18"
"DOID:0110141","Bardet-Biedl syndrome 19"
"DOID:0110229","cataract 6 multiple types"
"DOID:0110230","cataract 34 multiple types"
"DOID:0110236","cataract 39 multiple types"
"DOID:0110237","cataract 42"
"DOID:0110239","cataract 12 multiple types"
"DOID:0110241","cataract 41"
"DOID:0110242","cataract 13 with adult i phenotype"
"DOID:0110243","cataract 46 juvenile-onset"
"DOID:0110249","cataract 11 multiple types"
"DOID:0110255","cataract 5 multiple types"
"DOID:0110258","cataract 10 multiple types"
"DOID:0110259","cataract 43"
"DOID:0110262","cataract 45"
"DOID:0110264","cataract 33"
"DOID:0110265","cataract 31 multiple types"
"DOID:0110266","cataract 9 multiple types"
"DOID:0110268","cataract 22 multiple types"
"DOID:0110270","cataract 17 multiple types"
"DOID:0110271","cataract 23"
"DOID:0110272","cataract 40"
"DOID:0110339","osteogenesis imperfecta type 3"
"DOID:0110881","holoprosencephaly 1"
"DOID:0111444","progressive myoclonus epilepsy 4"
"DOID:10808","gastric ulcer"
"DOID:11830","myopia"
"DOID:12306","vitiligo"
"DOID:12583","velocardiofacial syndrome"
"DOID:178","vascular disease"
"DOID:4007","bladder carcinoma"
"DOID:5172","endometrium carcinoma in situ"
"DOID:5773","oral submucous fibrosis"
"DOID:0050424","familial adenomatous polyposis"
"DOID:0050534","congenital stationary night blindness"
"DOID:0060326","myelomeningocele"
"DOID:0070123","congenital nongoitrous hypothyroidism 4"
"DOID:0080409","familial adenomatous polyposis 1"
"DOID:0090005","Schwartz-Jampel syndrome 1"
"DOID:0110053","amelogenesis imperfecta type 4"
"DOID:0110054","amelogenesis imperfecta type 1A"
"DOID:0110057","amelogenesis imperfecta type 2A1"
"DOID:0110058","amelogenesis imperfecta type 1E"
"DOID:0110062","amelogenesis imperfecta hypomaturation type 2A4"
"DOID:0110063","amelogenesis imperfecta hypomaturation type 2A5"
"DOID:0110064","amelogenesis imperfecta type 1H"
"DOID:0110065","amelogenesis imperfecta type 1F"
"DOID:0110066","amelogenesis imperfecta type 1G"
"DOID:0110228","cataract 8 multiple types"
"DOID:0110231","cataract 1 multiple types"
"DOID:0110232","cataract 29"
"DOID:0110233","cataract 27"
"DOID:0110234","cataract 4 multiple types"
"DOID:0110238","cataract 18"
"DOID:0110240","cataract 20 multiple types"
"DOID:0110245","cataract 38"
"DOID:0110246","cataract 26 multiple types"
"DOID:0110250","cataract 16 multiple types"
"DOID:0110251","cataract 15 multiple types"
"DOID:0110252","cataract 37"
"DOID:0110253","cataract 14 multiple types"
"DOID:0110256","cataract 21 multiple types"
"DOID:0110257","cataract 24"
"DOID:0110260","cataract 7"
"DOID:0110261","cataract 35"
"DOID:0110263","cataract 19 multiple types"
"DOID:0110269","cataract 3 multiple types"
"DOID:0110340","osteogenesis imperfecta type 4"
"DOID:1089","tethered spinal cord syndrome"
"DOID:10908","hydrocephalus"
"DOID:11037","dissociative amnesia"
"DOID:11664","nephrosclerosis"
"DOID:1229","paranoid schizophrenia"
"DOID:12554","hemolytic-uremic syndrome"
"DOID:1307","dementia"
"DOID:1924","hypogonadism"
"DOID:2214","inherited blood coagulation disease"
"DOID:4154","dentinogenesis imperfecta"
"DOID:4621","holoprosencephaly"
"DOID:5557","testicular germ cell cancer"
"DOID:6419","tetralogy of Fallot"
"DOID:655","inherited metabolic disorder"
"DOID:8677","perinatal necrotizing enterocolitis"
"DOID:8986","narcolepsy"
"DOID:905","Zellweger syndrome"
"DOID:9138","stomach carcinoma in situ"
"DOID:9146","visceral leishmaniasis"
"DOID:9675","pulmonary emphysema"
"DOID:0050709","early infantile epileptic encephalopathy"
"DOID:0050746","mantle cell lymphoma"
"DOID:0060167","seasonal affective disorder"
"DOID:0060476","Perlman syndrome"
"DOID:0070128","congenital nongoitrous hypothyroidism 6"
"DOID:0070162","hereditary sensory and autonomic neuropathy type 1"
"DOID:0070187","Y-linked spermatogenic failure 2"
"DOID:0080362","spondyloepiphyseal dysplasia tarda"
"DOID:0080476","peroxisome biogenesis disorder 1A"
"DOID:0110052","amelogenesis imperfecta type 1B"
"DOID:0110056","amelogenesis imperfecta type 1C"
"DOID:0110059","X-linked amelogenesis imperfecta hypoplastic/hypomaturation 2"
"DOID:0110060","amelogenesis imperfecta hypomaturation type 2A2"
"DOID:0110061","amelogenesis imperfecta hypomaturation type 2A3"
"DOID:0110342","osteogenesis imperfecta type 13"
"DOID:0110344","osteogenesis imperfecta type 5"
"DOID:0110345","osteogenesis imperfecta type 16"
"DOID:0110348","osteogenesis imperfecta type 12"
"DOID:0110351","osteogenesis imperfecta type 11"
"DOID:0110729","neuronal ceroid lipofuscinosis 6"
"DOID:0111029","hemochromatosis type 1"
"DOID:11198","DiGeorge syndrome"
"DOID:11713","diabetic angiopathy"
"DOID:12177","common variable immunodeficiency"
"DOID:1247","blood coagulation disease"
"DOID:1555","urticaria"
"DOID:2187","amelogenesis imperfecta"
"DOID:2218","blood platelet disease"
"DOID:2729","dyskeratosis congenita"
"DOID:3071","gliosarcoma"
"DOID:7693","abdominal aortic aneurysm"
"DOID:8947","diabetic retinopathy"
"DOID:0050328","congenital hypothyroidism"
"DOID:0050444","infantile Refsum disease"
"DOID:0050560","Walker-Warburg syndrome"
"DOID:0050801","androgenic alopecia"
"DOID:0060270","pontocerebellar hypoplasia type 2D"
"DOID:0060868","leukoencephalopathy with vanishing white matter"
"DOID:0070125","congenital nongoitrous hypothyroidism 5"
"DOID:0070126","congenital nongoitrous hypothyroidism 1"
"DOID:0070127","congenital nongoitrous hypothyroidism 3"
"DOID:0080351","CLOVES syndrome"
"DOID:0110087","asphyxiating thoracic dystrophy 3"
"DOID:0110334","osteogenesis imperfecta type 1"
"DOID:0110335","osteogenesis imperfecta with opalescent teeth, blue sclerae and wormian bones but without fractures"
"DOID:0110336","osteogenesis imperfecta type 8"
"DOID:0110337","osteogenesis imperfecta type 7"
"DOID:0110338","osteogenesis imperfecta type 17"
"DOID:0110341","osteogenesis imperfecta type 2"
"DOID:0110343","osteogenesis imperfecta type 14"
"DOID:0110346","osteogenesis imperfecta type 10"
"DOID:0110347","osteogenesis imperfecta type 15"
"DOID:0110349","osteogenesis imperfecta type 9"
"DOID:0110350","osteogenesis imperfecta type 6"
"DOID:0111140","IGSF1 deficiency syndrome"
"DOID:0111216","autosomal recessive centronuclear myopathy"
"DOID:0111237","congenital muscular dystrophy-dystroglycanopathy type A1"
"DOID:10582","Refsum disease"
"DOID:1067","open-angle glaucoma"
"DOID:11503","diabetic autonomic neuropathy"
"DOID:12347","osteogenesis imperfecta"
"DOID:12785","diabetic polyneuropathy"
"DOID:12894","Sjogren's syndrome"
"DOID:14748","Sotos syndrome"
"DOID:1883","hepatitis C"
"DOID:2033","communication disorder"
"DOID:2994","germ cell cancer"
"DOID:3095","germ cell and embryonal cancer"
"DOID:3247","rhabdomyosarcoma"
"DOID:3304","germinoma"
"DOID:583","hemolytic anemia"
"DOID:6364","migraine"
"DOID:688","embryonal cancer"
"DOID:705","Leber hereditary optic neuropathy"
"DOID:767","muscular atrophy"
"DOID:9053","bladder carcinoma in situ"
"DOID:9743","diabetic neuropathy"
"DOID:0050439","Usher syndrome"
"DOID:0050524","maturity-onset diabetes of the young"
"DOID:0050539","Charcot-Marie-Tooth disease type 2"
"DOID:0050559","Fukuyama congenital muscular dystrophy"
"DOID:0050591","tooth agenesis"
"DOID:0050742","nicotine dependence"
"DOID:0050773","paraganglioma"
"DOID:0060170","generalized epilepsy with febrile seizures plus"
"DOID:0060480","left ventricular noncompaction"
"DOID:0080089","tubular aggregate myopathy"
"DOID:0110092","short-rib thoracic dysplasia 6 with or without polydactyly"
"DOID:0111217","autosomal dominant centronuclear myopathy"
"DOID:0111223","centronuclear myopathy 1"
"DOID:10316","pneumoconiosis"
"DOID:10320","asbestosis"
"DOID:12522","bagassosis"
"DOID:12678","hypercalcemia"
"DOID:12712","nephronophthisis"
"DOID:12995","conduct disorder"
"DOID:13714","anodontia"
"DOID:14159","obstructive hydrocephalus"
"DOID:14268","sclerosing cholangitis"
"DOID:14448","46 XY gonadal dysgenesis"
"DOID:14793","hypohidrotic ectodermal dysplasia"
"DOID:1573","communicating hydrocephalus"
"DOID:446","primary hyperaldosteronism"
"DOID:4794","ependymoblastoma"
"DOID:4914","esophagus adenocarcinoma"
"DOID:5572","Beckwith-Wiedemann syndrome"
"DOID:5683","hereditary breast ovarian cancer syndrome"
"DOID:6193","epithelioid sarcoma"
"DOID:898","autosomal dominant polycystic kidney disease"
"DOID:9008","psoriatic arthritis"
"DOID:0050453","lissencephaly"
"DOID:0050811","congenital adrenal hyperplasia"
"DOID:0060264","pontocerebellar hypoplasia"
"DOID:0060676","catecholaminergic polymorphic ventricular tachycardia 2"
"DOID:0070025","X-linked dyskeratosis congenita"
"DOID:0070042","Coffin-Siris syndrome 1"
"DOID:0080205","CAKUT"
"DOID:0080212","polycystic kidney disease 4"
"DOID:0080422","Dravet syndrome"
"DOID:0110861","autosomal recessive polycystic kidney disease"
"DOID:0110870","congenital stationary night blindness 1A"
"DOID:0111192","facioscapulohumeral muscular dystrophy 1"
"DOID:0111225","centronuclear myopathy X-linked"
"DOID:1070","primary open angle glaucoma"
"DOID:12550","hepatic coma"
"DOID:12932","endomyocardial fibrosis"
"DOID:13413","hepatic encephalopathy"
"DOID:14679","VACTERL association"
"DOID:14717","centronuclear myopathy"
"DOID:1686","glaucoma"
"DOID:1925","Coffin-Siris syndrome"
"DOID:310","MERRF syndrome"
"DOID:422","congenital structural myopathy"
"DOID:50","thyroid gland disease"
"DOID:65","connective tissue disease"
"DOID:9252","amino acid metabolic disorder"
"DOID:9279","hyperhomocysteinemia"
"DOID:0060276","pontocerebellar hypoplasia type 7"
"DOID:0060277","pontocerebellar hypoplasia type 8"
"DOID:0060278","pontocerebellar hypoplasia type 9"
"DOID:0060677","catecholaminergic polymorphic ventricular tachycardia 3"
"DOID:0060678","catecholaminergic polymorphic ventricular tachycardia 4"
"DOID:0060679","catecholaminergic polymorphic ventricular tachycardia 5"
"DOID:0060807","syndromic X-linked intellectual disability Najm type"
"DOID:0060861","microphthalmia with limb anomalies"
"DOID:0060892","late onset Parkinson's disease"
"DOID:0070186","Y-linked spermatogenic failure 1"
"DOID:0080016","spina bifida"
"DOID:0090024","split hand-foot malformation 1 with sensorineural hearing loss"
"DOID:0090137","complex cortical dysplasia with other brain malformations 1"
"DOID:0110085","asphyxiating thoracic dystrophy 1"
"DOID:0110096","short-rib thoracic dysplasia 14 with polydactyly"
"DOID:0110307","hypertrophic cardiomyopathy 1"
"DOID:0110720","neuronal ceroid lipofuscinosis 4B"
"DOID:0110727","neuronal ceroid lipofuscinosis 13"
"DOID:0110732","neuronal ceroid lipofuscinosis 11"
"DOID:0110841","Usher syndrome type 3A"
"DOID:0110865","congenital stationary night blindness 1B"
"DOID:0110871","congenital stationary night blindness 2A"
"DOID:10155","intestinal cancer"
"DOID:11193","syndactyly"
"DOID:12098","trigeminal neuralgia"
"DOID:12241","beta thalassemia"
"DOID:12270","coloboma"
"DOID:13620","patent foramen ovale"
"DOID:139","squamous cell papilloma"
"DOID:14228","oligospermia"
"DOID:150","disease of mental health"
"DOID:2224","essential thrombocythemia"
"DOID:2352","hemochromatosis"
"DOID:2451","protein S deficiency"
"DOID:2531","hematologic cancer"
"DOID:2615","papilloma"
"DOID:3008","invasive ductal carcinoma"
"DOID:3627","aortic aneurysm"
"DOID:3755","antithrombin III deficiency"
"DOID:3756","protein C deficiency"
"DOID:403","mouth disease"
"DOID:4591","lymphoplasmacyte-rich meningioma"
"DOID:4610","intestinal benign neoplasm"
"DOID:5327","retinal detachment"
"DOID:5723","optic atrophy"
"DOID:679","basal ganglia disease"
"DOID:7532","squamous papillomatosis"
"DOID:758","situs inversus"
"DOID:7614","meninges sarcoma"
"DOID:7689","leptomeninges sarcoma"
"DOID:77","gastrointestinal system disease"
"DOID:824","periodontitis"
"DOID:8368","chordoid meningioma"
"DOID:9007","sudden infant death syndrome"
"DOID:9477","pulmonary embolism"
"DOID:9637","stomatitis"
"DOID:9993","hypoglycemia"
"DOID:0050592","asphyxiating thoracic dystrophy"
"DOID:0050661","vitelliform macular dystrophy"
"DOID:0060655","autosomal recessive congenital ichthyosis"
"DOID:0060656","autosomal recessive congenital ichthyosis 1"
"DOID:0060710","autosomal recessive congenital ichthyosis 2"
"DOID:0060711","autosomal recessive congenital ichthyosis 3"
"DOID:0060712","autosomal recessive congenital ichthyosis 4A"
"DOID:0060714","autosomal recessive congenital ichthyosis 5"
"DOID:0060715","autosomal recessive congenital ichthyosis 6"
"DOID:0060716","autosomal recessive congenital ichthyosis 7"
"DOID:0060717","autosomal recessive congenital ichthyosis 8"
"DOID:0060718","autosomal recessive congenital ichthyosis 9"
"DOID:0060719","autosomal recessive congenital ichthyosis 10"
"DOID:0060862","mal de Meleda"
"DOID:0070129","autosomal recessive cutis laxa type IID"
"DOID:0070134","autosomal recessive cutis laxa type IIA"
"DOID:0070140","autosomal recessive cutis laxa type IIC"
"DOID:0070141","autosomal recessive cutis laxa type II classic type"
"DOID:0090034","myoclonic dystonia 11"
"DOID:0090119","ankyloblepharon-ectodermal defects-cleft lip/palate syndrome"
"DOID:0090130","cortical dysplasia-focal epilepsy syndrome"
"DOID:0090132","complex cortical dysplasia with other brain malformations 7"
"DOID:0110116","autoimmune lymphoproliferative syndrome type 2B"
"DOID:0110722","neuronal ceroid lipofuscinosis 7"
"DOID:0110723","neuronal ceroid lipofuscinosis 8"
"DOID:0110724","neuronal ceroid lipofuscinosis 8 northern epilepsy variant"
"DOID:0110725","neuronal ceroid lipofuscinosis 10"
"DOID:0110726","neuronal ceroid lipofuscinosis 2"
"DOID:0110728","neuronal ceroid lipofuscinosis 5"
"DOID:0110730","neuronal ceroid lipofuscinosis 4A"
"DOID:0110731","neuronal ceroid lipofuscinosis 3"
"DOID:0110733","neuronal ceroid lipofuscinosis 9"
"DOID:10041","dysplastic nevus syndrome"
"DOID:10127","cerebral artery occlusion"
"DOID:10322","berylliosis"
"DOID:10923","sickle cell anemia"
"DOID:11383","cryptorchidism"
"DOID:12030","panuveitis"
"DOID:13141","uveitis"
"DOID:13250","diarrhea"
"DOID:14323","Marfan syndrome"
"DOID:14503","neuronal ceroid lipofuscinosis"
"DOID:1485","cystic fibrosis"
"DOID:169","neuroendocrine tumor"
"DOID:171","neuroectodermal tumor"
"DOID:1827","idiopathic generalized epilepsy"
"DOID:1875","impotence"
"DOID:2975","cystic kidney disease"
"DOID:3007","breast ductal carcinoma"
"DOID:3121","gallbladder cancer"
"DOID:3407","carotid artery disease"
"DOID:3498","pancreatic ductal adenocarcinoma"
"DOID:3829","pituitary adenoma"
"DOID:3953","adrenal gland cancer"
"DOID:4626","hydranencephaly"
"DOID:4948","gallbladder carcinoma"
"DOID:57","aortic valve insufficiency"
"DOID:699","mitochondrial myopathy"
"DOID:7147","ankylosing spondylitis"
"DOID:8649","tongue cancer"
"DOID:986","alopecia areata"
"DOID:0014667","disease of metabolism"
"DOID:0050545","visceral heterotaxy"
"DOID:0050646","distal arthrogryposis"
"DOID:0050749","peripheral T-cell lymphoma"
"DOID:0050817","Stargardt disease"
"DOID:0060474","familial erythrocytosis 2"
"DOID:0060745","Doyne honeycomb retinal dystrophy"
"DOID:0060746","basal laminar drusen"
"DOID:0060854","autosomal recessive pseudohypoaldosteronism type 1"
"DOID:0060855","autosomal dominant pseudohypoaldosteronism type 1"
"DOID:0060863","patterned macular dystrophy"
"DOID:0080001","bone disease"
"DOID:0080011","bone resorption disease"
"DOID:0080301","atypical hemolytic-uremic syndrome"
"DOID:0090043","dystonia 5"
"DOID:0110005","Leber congenital amaurosis 9"
"DOID:0110106","atrial heart septal defect 1"
"DOID:0110498","autosomal recessive nonsyndromic deafness 4"
"DOID:10325","silicosis"
"DOID:11712","lipoatrophic diabetes mellitus"
"DOID:11714","gestational diabetes"
"DOID:13189","gout"
"DOID:13533","osteopetrosis"
"DOID:14735","hereditary angioedema"
"DOID:14749","methylmalonic acidemia"
"DOID:1532","pleural disease"
"DOID:2834","acquired polycythemia"
"DOID:2838","stress polycythemia"
"DOID:2839","erythropoietin polycythemia"
"DOID:3369","Ewing sarcoma"
"DOID:363","uterine cancer"
"DOID:3650","lactic acidosis"
"DOID:3753","Hermansky-Pudlak syndrome"
"DOID:3763","hermaphroditism"
"DOID:4479","pseudohypoaldosteronism"
"DOID:5212","congenital disorder of glycosylation"
"DOID:7725","epilepsy with generalized tonic-clonic seizures"
"DOID:7997","thyrotoxicosis"
"DOID:7998","hyperthyroidism"
"DOID:811","lipodystrophy"
"DOID:8432","polycythemia"
"DOID:8645","subacute delirium"
"DOID:9120","amyloidosis"
"DOID:9460","uterine corpus cancer"
"DOID:9923","developmental coordination disorder"
"DOID:0050427","xeroderma pigmentosum"
"DOID:0050454","periventricular nodular heterotopia"
"DOID:0050460","Wolf-Hirschhorn syndrome"
"DOID:0050632","oculocutaneous albinism"
"DOID:0050820","atrioventricular block"
"DOID:0050967","spinocerebellar ataxia type 17"
"DOID:0060249","scoliosis"
"DOID:0060364","Galloway-Mowat syndrome"
"DOID:0060468","Holt-Oram syndrome"
"DOID:0060652","familial erythrocytosis 1"
"DOID:0060731","congenital central hypoventilation syndrome"
"DOID:0070070","autosomal dominant non-syndromic intellectual disability 40"
"DOID:0070131","autosomal dominant cutis laxa 3"
"DOID:0070132","autosomal recessive cutis laxa type IIIA"
"DOID:0070142","autosomal dominant cutis laxa"
"DOID:0070145","hereditary sensory and autonomic neuropathy type 5"
"DOID:0070328","adult hepatocellular carcinoma"
"DOID:0110366","retinitis pigmentosa 33"
"DOID:0110383","retinitis pigmentosa 7"
"DOID:0110402","retinitis pigmentosa 45"
"DOID:0110467","autosomal recessive nonsyndromic deafness 12"
"DOID:0110475","autosomal recessive nonsyndromic deafness 1A"
"DOID:0110838","Usher syndrome type 2A"
"DOID:0110839","Usher syndrome type 2C"
"DOID:0110840","Usher syndrome type 2D"
"DOID:0110843","xeroderma pigmentosum group A"
"DOID:0110844","xeroderma pigmentosum group C"
"DOID:0110845","xeroderma pigmentosum group D"
"DOID:0110846","xeroderma pigmentosum group E"
"DOID:0110847","xeroderma pigmentosum variant type"
"DOID:0110848","xeroderma pigmentosum group F"
"DOID:0110849","xeroderma pigmentosum group G"
"DOID:0110850","xeroderma pigmentosum group B"
"DOID:0110858","polycystic kidney disease 1"
"DOID:0111135","congenital generalized lipodystrophy type 1"
"DOID:0111137","congenital generalized lipodystrophy type 3"
"DOID:1024","leprosy"
"DOID:10780","primary polycythemia"
"DOID:10892","hypospadias"
"DOID:11212","hydrophthalmos"
"DOID:12361","Graves' disease"
"DOID:12558","chronic progressive external ophthalmoplegia"
"DOID:14699","thrombocytopenia-absent radius syndrome"
"DOID:1520","colon carcinoma"
"DOID:1558","angioedema"
"DOID:1785","pituitary cancer"
"DOID:1933","Rubinstein-Taybi syndrome"
"DOID:2772","irritant dermatitis"
"DOID:2926","Klippel-Trenaunay syndrome"
"DOID:308","early myoclonic encephalopathy"
"DOID:3649","pyruvate decarboxylase deficiency"
"DOID:4535","hypotrichosis"
"DOID:4916","pituitary carcinoma"
"DOID:5408","Paget's disease of bone"
"DOID:5411","lung oat cell carcinoma"
"DOID:585","nephrolithiasis"
"DOID:5940","malignant peripheral nerve sheath tumor"
"DOID:6457","Cowden syndrome"
"DOID:8955","sideroblastic anemia"
"DOID:9065","leishmaniasis"
"DOID:9467","nail-patella syndrome"
"DOID:9976","heroin dependence"
"DOID:0050120","hemophagocytic lymphohistiocytosis"
"DOID:0050429","Hailey-Hailey disease"
"DOID:0050440","familial partial lipodystrophy"
"DOID:0050477","Liddle syndrome"
"DOID:0050566","X-linked nonsyndromic deafness"
"DOID:0050629","Aicardi-Goutieres syndrome"
"DOID:0050770","polycystic liver disease"
"DOID:0050951","hereditary ataxia"
"DOID:0060173","Timothy syndrome"
"DOID:0060213","FTDALS1"
"DOID:0060287","cornea plana"
"DOID:0060643","primary sclerosing cholangitis"
"DOID:0060690","autosomal dominant auditory neuropathy 1"
"DOID:0060691","platelet-type bleeding disorder 16"
"DOID:0060835","isolated microphthalmia 6"
"DOID:0060836","isolated microphthalmia 4"
"DOID:0070130","autosomal dominant cutis laxa 1"
"DOID:0070133","autosomal recessive cutis laxa type IB"
"DOID:0070135","autosomal recessive cutis laxa type IA"
"DOID:0070136","autosomal dominant cutis laxa 2"
"DOID:0070137","autosomal recessive cutis laxa type IIB"
"DOID:0070138","autosomal recessive cutis laxa type IIIB"
"DOID:0070152","hereditary sensory and autonomic neuropathy type 1A"
"DOID:0070227","intrahepatic cholestasis of pregnancy"
"DOID:0080110","multiple pterygium syndrome"
"DOID:0080156","X-linked adrenal hypoplasia congenita"
"DOID:0080178","mucositis"
"DOID:0080307","myofibrillar myopathy"
"DOID:0080332","bicuspid aortic valve disease"
"DOID:0080333","aortic valve disease 1"
"DOID:0080350","retinitis pigmentosa 77"
"DOID:0080468","early infantile epileptic encephalopathy 1"
"DOID:0080493","ovarian dysgenesis 1"
"DOID:0080505","Cornelia de Lange syndrome 1"
"DOID:0080568","congenital disorder of glycosylation Iq"
"DOID:0090025","split hand-foot malformation 3"
"DOID:0090037","torsion dystonia 13"
"DOID:0090038","torsion dystonia 2"
"DOID:0090041","torsion dystonia 4"
"DOID:0090042","torsion dystonia 17"
"DOID:0090046","dystonia 21"
"DOID:0090050","dystonia 27"
"DOID:0090056","dystonia 12"
"DOID:0090057","X-linked dystonia-parkinsonism"
"DOID:0090102","autosomal dominant macrothrombocytopenia TUBB1-related"
"DOID:0090122","aromatase excess syndrome"
"DOID:0110016","Leber congenital amaurosis 2"
"DOID:0110078","Leber congenital amaurosis 1"
"DOID:0110079","Leber congenital amaurosis 8"
"DOID:0110080","Leber congenital amaurosis 12"
"DOID:0110109","atrial heart septal defect 4"
"DOID:0110110","atrial heart septal defect 5"
"DOID:0110111","atrial heart septal defect 6"
"DOID:0110113","atrial heart septal defect 8"
"DOID:0110114","atrial heart septal defect 9"
"DOID:0110118","Leber congenital amaurosis 16"
"DOID:0110188","Leber congenital amaurosis 14"
"DOID:0110189","Leber congenital amaurosis 15"
"DOID:0110215","Leber congenital amaurosis 5"
"DOID:0110216","Leber congenital amaurosis 11"
"DOID:0110217","Leber congenital amaurosis 17"
"DOID:0110291","Leber congenital amaurosis 10"
"DOID:0110329","Leber congenital amaurosis 6"
"DOID:0110330","Leber congenital amaurosis 13"
"DOID:0110331","Leber congenital amaurosis 3"
"DOID:0110332","Leber congenital amaurosis 4"
"DOID:0110333","Leber congenital amaurosis 7"
"DOID:0110352","retinitis pigmentosa 59"
"DOID:0110353","retinitis pigmentosa 20"
"DOID:0110354","retinitis pigmentosa 19"
"DOID:0110356","retinitis pigmentosa 18"
"DOID:0110357","retinitis pigmentosa 35"
"DOID:0110358","retinitis pigmentosa 12"
"DOID:0110359","retinitis pigmentosa 67"
"DOID:0110360","retinitis pigmentosa 39"
"DOID:0110361","retinitis pigmentosa 75"
"DOID:0110362","retinitis pigmentosa 58"
"DOID:0110363","retinitis pigmentosa 71"
"DOID:0110364","retinitis pigmentosa 54"
"DOID:0110365","retinitis pigmentosa 28"
"DOID:0110367","retinitis pigmentosa 38"
"DOID:0110368","retinitis pigmentosa 26"
"DOID:0110369","retinitis pigmentosa 47"
"DOID:0110370","retinitis pigmentosa 55"
"DOID:0110371","retinitis pigmentosa 56"
"DOID:0110372","retinitis pigmentosa 4"
"DOID:0110373","retinitis pigmentosa 61"
"DOID:0110374","retinitis pigmentosa 68"
"DOID:0110375","retinitis pigmentosa 40"
"DOID:0110376","retinitis pigmentosa 41"
"DOID:0110377","retinitis pigmentosa 49"
"DOID:0110379","retinitis pigmentosa 43"
"DOID:0110380","retinitis pigmentosa 62"
"DOID:0110381","retinitis pigmentosa 14"
"DOID:0110382","retinitis pigmentosa 48"
"DOID:0110384","retinitis pigmentosa 25"
"DOID:0110386","retinitis pigmentosa 42"
"DOID:0110387","retinitis pigmentosa 9"
"DOID:0110388","retinitis pigmentosa 10"
"DOID:0110389","retinitis pigmentosa 73"
"DOID:0110390","retinitis pigmentosa 1"
"DOID:0110391","retinitis pigmentosa 31"
"DOID:0110392","retinitis pigmentosa 70"
"DOID:0110393","retinitis pigmentosa 66"
"DOID:0110394","retinitis pigmentosa 44"
"DOID:0110395","retinitis pigmentosa 72"
"DOID:0110396","retinitis pigmentosa 50"
"DOID:0110397","retinitis pigmentosa 27"
"DOID:0110398","retinitis pigmentosa 51"
"DOID:0110399","retinitis pigmentosa 37"
"DOID:0110401","retinitis pigmentosa 74"
"DOID:0110403","retinitis pigmentosa 13"
"DOID:0110404","retinitis pigmentosa 17"
"DOID:0110405","retinitis pigmentosa 36"
"DOID:0110406","retinitis pigmentosa 30"
"DOID:0110407","retinitis pigmentosa 57"
"DOID:0110408","retinitis pigmentosa 11"
"DOID:0110409","retinitis pigmentosa 46"
"DOID:0110410","retinitis pigmentosa 69"
"DOID:0110411","retinitis pigmentosa 60"
"DOID:0110412","retinitis pigmentosa 23"
"DOID:0110414","retinitis pigmentosa 3"
"DOID:0110415","retinitis pigmentosa 2"
"DOID:0110462","autosomal recessive nonsyndromic deafness 101"
"DOID:0110463","autosomal recessive nonsyndromic deafness 102"
"DOID:0110464","autosomal recessive nonsyndromic deafness 103"
"DOID:0110465","autosomal recessive nonsyndromic deafness 104"
"DOID:0110470","autosomal recessive nonsyndromic deafness 15"
"DOID:0110473","autosomal recessive nonsyndromic deafness 18A"
"DOID:0110474","autosomal recessive nonsyndromic deafness 18B"
"DOID:0110476","autosomal recessive nonsyndromic deafness 1B"
"DOID:0110479","autosomal recessive nonsyndromic deafness 21"
"DOID:0110480","autosomal recessive nonsyndromic deafness 22"
"DOID:0110481","autosomal recessive nonsyndromic deafness 23"
"DOID:0110482","autosomal recessive nonsyndromic deafness 24"
"DOID:0110483","autosomal recessive nonsyndromic deafness 25"
"DOID:0110484","autosomal recessive nonsyndromic deafness 26"
"DOID:0110486","autosomal recessive nonsyndromic deafness 28"
"DOID:0110487","autosomal recessive nonsyndromic deafness 29"
"DOID:0110488","autosomal recessive nonsyndromic deafness 3"
"DOID:0110489","autosomal recessive nonsyndromic deafness 30"
"DOID:0110490","autosomal recessive nonsyndromic deafness 31"
"DOID:0110491","autosomal recessive nonsyndromic deafness 32"
"DOID:0110493","autosomal recessive nonsyndromic deafness 35"
"DOID:0110494","autosomal recessive nonsyndromic deafness 36"
"DOID:0110497","autosomal recessive nonsyndromic deafness 39"
"DOID:0110500","autosomal recessive nonsyndromic deafness 42"
"DOID:0110501","autosomal recessive nonsyndromic deafness 44"
"DOID:0110505","autosomal recessive nonsyndromic deafness 48"
"DOID:0110506","autosomal recessive nonsyndromic deafness 49"
"DOID:0110509","autosomal recessive nonsyndromic deafness 53"
"DOID:0110511","autosomal recessive nonsyndromic deafness 59"
"DOID:0110512","autosomal recessive nonsyndromic deafness 6"
"DOID:0110513","autosomal recessive nonsyndromic deafness 61"
"DOID:0110515","autosomal recessive nonsyndromic deafness 63"
"DOID:0110517","autosomal recessive nonsyndromic deafness 66"
"DOID:0110518","autosomal recessive nonsyndromic deafness 67"
"DOID:0110519","autosomal recessive nonsyndromic deafness 68"
"DOID:0110520","autosomal recessive nonsyndromic deafness 7"
"DOID:0110521","autosomal recessive nonsyndromic deafness 70"
"DOID:0110523","autosomal recessive nonsyndromic deafness 74"
"DOID:0110524","autosomal recessive nonsyndromic deafness 76"
"DOID:0110525","autosomal recessive nonsyndromic deafness 77"
"DOID:0110526","autosomal recessive nonsyndromic deafness 79"
"DOID:0110527","autosomal recessive nonsyndromic deafness 8"
"DOID:0110529","autosomal recessive nonsyndromic deafness 84A"
"DOID:0110530","autosomal recessive nonsyndromic deafness 84B"
"DOID:0110532","autosomal recessive nonsyndromic deafness 86"
"DOID:0110533","autosomal recessive nonsyndromic deafness 88"
"DOID:0110534","autosomal recessive nonsyndromic deafness 89"
"DOID:0110536","autosomal recessive nonsyndromic deafness 91"
"DOID:0110537","autosomal recessive nonsyndromic deafness 93"
"DOID:0110539","autosomal recessive nonsyndromic deafness 97"
"DOID:0110540","autosomal recessive nonsyndromic deafness 98"
"DOID:0110541","autosomal dominant nonsyndromic deafness 1"
"DOID:0110542","autosomal dominant nonsyndromic deafness 10"
"DOID:0110544","autosomal dominant nonsyndromic deafness 12"
"DOID:0110545","autosomal dominant nonsyndromic deafness 13"
"DOID:0110546","autosomal dominant nonsyndromic deafness 15"
"DOID:0110548","autosomal dominant nonsyndromic deafness 17"
"DOID:0110550","autosomal dominant nonsyndromic deafness 20"
"DOID:0110553","autosomal dominant nonsyndromic deafness 23"
"DOID:0110555","autosomal dominant nonsyndromic deafness 25"
"DOID:0110556","autosomal dominant nonsyndromic deafness 27"
"DOID:0110557","autosomal dominant nonsyndromic deafness 28"
"DOID:0110558","autosomal dominant nonsyndromic deafness 2A"
"DOID:0110559","autosomal dominant nonsyndromic deafness 2B"
"DOID:0110563","autosomal dominant nonsyndromic deafness 36"
"DOID:0110565","autosomal dominant nonsyndromic deafness 3B"
"DOID:0110566","autosomal dominant nonsyndromic deafness 40"
"DOID:0110567","autosomal dominant nonsyndromic deafness 41"
"DOID:0110569","autosomal dominant nonsyndromic deafness 44"
"DOID:0110571","autosomal dominant nonsyndromic deafness 48"
"DOID:0110573","autosomal dominant nonsyndromic deafness 4A"
"DOID:0110574","autosomal dominant nonsyndromic deafness 4B"
"DOID:0110576","autosomal dominant nonsyndromic deafness 50"
"DOID:0110581","autosomal dominant nonsyndromic deafness 56"
"DOID:0110584","autosomal dominant nonsyndromic deafness 6"
"DOID:0110585","autosomal dominant nonsyndromic deafness 64"
"DOID:0110586","autosomal dominant nonsyndromic deafness 65"
"DOID:0110587","autosomal dominant nonsyndromic deafness 66"
"DOID:0110588","autosomal dominant nonsyndromic deafness 67"
"DOID:0110589","autosomal dominant nonsyndromic deafness 68"
"DOID:0110590","autosomal dominant nonsyndromic deafness 69"
"DOID:0110592","autosomal dominant nonsyndromic deafness 70"
"DOID:0110593","autosomal dominant nonsyndromic deafness 9"
"DOID:0110826","Usher syndrome type 1"
"DOID:0110828","Usher syndrome type 3"
"DOID:0110829","retinitis pigmentosa-deafness syndrome"
"DOID:0110836","Usher syndrome type 1J"
"DOID:0110842","Usher syndrome type 3B"
"DOID:0110946","autosomal recessive osteopetrosis 7"
"DOID:0110949","Waardenburg syndrome type 3"
"DOID:0111113","nephronophthisis 2"
"DOID:0111136","congenital generalized lipodystrophy type 2"
"DOID:0111138","congenital generalized lipodystrophy type 4"
"DOID:0111139","mitochondrial complex III deficiency"
"DOID:0111375","fetal akinesia deformation sequence syndrome"
"DOID:0111377","fetal akinesia deformation sequence syndrome 1"
"DOID:10324","anthracosilicosis"
"DOID:10327","anthracosis"
"DOID:1037","lymphocytic leukemia"
"DOID:10588","adrenoleukodystrophy"
"DOID:1206","Rett syndrome"
"DOID:12705","Friedreich ataxia"
"DOID:12971","hereditary spherocytosis"
"DOID:13404","uveoparotid fever"
"DOID:13774","Addison's disease"
"DOID:14447","gonadal dysgenesis"
"DOID:14450","46 XX gonadal dysgenesis"
"DOID:14686","Axenfeld-Rieger syndrome"
"DOID:14744","Partington syndrome"
"DOID:1657","ventricular septal defect"
"DOID:1697","ichthyosis"
"DOID:184","bone cancer"
"DOID:1852","intrahepatic cholestasis"
"DOID:1928","Williams-Beuren syndrome"
"DOID:2215","factor VII deficiency"
"DOID:2216","factor V deficiency"
"DOID:2280","hidradenitis suppurativa"
"DOID:2732","Rothmund-Thomson syndrome"
"DOID:2977","primary hyperoxaluria"
"DOID:2998","testicular cancer"
"DOID:3144","cutis laxa"
"DOID:3181","oligodendroglioma"
"DOID:3183","childhood oligodendroglioma"
"DOID:3186","adult oligodendroglioma"
"DOID:3213","demyelinating disease"
"DOID:3246","embryonal rhabdomyosarcoma"
"DOID:3255","botryoid rhabdomyosarcoma"
"DOID:3491","Turner syndrome"
"DOID:3962","thyroid gland follicular carcinoma"
"DOID:3996","urinary system cancer"
"DOID:4254","osteosclerosis"
"DOID:4404","occupational dermatitis"
"DOID:445","Bartter disease"
"DOID:4483","rhinitis"
"DOID:4724","brain edema"
"DOID:4790","medulloepithelioma"
"DOID:4791","supratentorial primitive neuroectodermal tumor"
"DOID:4844","benign ependymoma"
"DOID:4890","juvenile myoclonic epilepsy"
"DOID:4926","bronchiolo-alveolar adenocarcinoma"
"DOID:5075","myxopapillary ependymoma"
"DOID:5295","intestinal disease"
"DOID:5500","cellular ependymoma"
"DOID:5504","tanycytic ependymoma"
"DOID:5505","papillary ependymoma"
"DOID:6039","uveal melanoma"
"DOID:615","leukopenia"
"DOID:6688","autoimmune lymphoproliferative syndrome"
"DOID:687","hepatoblastoma"
"DOID:731","urinary system benign neoplasm"
"DOID:7398","cerebral primitive neuroectodermal tumor"
"DOID:74","hematopoietic system disease"
"DOID:8499","night blindness"
"DOID:8501","fundus dystrophy"
"DOID:890","mitochondrial encephalomyopathy"
"DOID:8997","polycythemia vera"
"DOID:9111","cutaneous leishmaniasis"
"DOID:9267","urea cycle disorder"
"DOID:999","hypereosinophilic syndrome"
"DOID:0050127","sinusitis"
"DOID:0050466","Loeys-Dietz syndrome"
"DOID:0050467","erythrokeratodermia variabilis"
"DOID:0050540","Charcot-Marie-Tooth disease type 3"
"DOID:0050564","autosomal dominant nonsyndromic deafness"
"DOID:0050656","pseudo-TORCH syndrome 1"
"DOID:0050835","generalized dystonia"
"DOID:0050836","focal dystonia"
"DOID:0050857","Perrault syndrome"
"DOID:0060253","scapuloperoneal myopathy"
"DOID:0060306","Meier-Gorlin syndrome"
"DOID:0060376","Joubert syndrome with orofaciodigital defect"
"DOID:0060538","purpura fulminans"
"DOID:0060639","permanent neonatal diabetes mellitus"
"DOID:0060672","Grn-related frontotemporal lobar degeneration with Tdp43 inclusions"
"DOID:0060673","Peters anomaly"
"DOID:0060681","autosomal dominant nocturnal frontal lobe epilepsy"
"DOID:0060730","torsion dystonia 1"
"DOID:0060838","isolated microphthalmia 7"
"DOID:0060839","isolated microphthalmia 2"
"DOID:0060840","isolated microphthalmia 1"
"DOID:0060841","isolated microphthalmia 8"
"DOID:0060842","isolated microphthalmia 3"
"DOID:0070202","familial partial lipodystrophy type 2"
"DOID:0070204","familial partial lipodystrophy type 3"
"DOID:0070207","familial partial lipodystrophy type 1"
"DOID:0070246","X-linked Emery-Dreifuss muscular dystrophy 1"
"DOID:0070309","absence epilepsy"
"DOID:0080512","Meier-Gorlin syndrome 1"
"DOID:0090020","split hand-foot malformation"
"DOID:0090021","split hand-foot malformation 1"
"DOID:0090022","split hand-foot malformation 5"
"DOID:0090023","split hand-foot malformation 4"
"DOID:0090026","split hand-foot malformation 6"
"DOID:0090027","split hand-foot malformation 2"
"DOID:0090039","torsion dystonia 6"
"DOID:0090048","dystonia 16"
"DOID:0090055","dystonia 25"
"DOID:0090058","torsion dystonia with onset in infancy"
"DOID:0110107","atrial heart septal defect 2"
"DOID:0110108","atrial heart septal defect 3"
"DOID:0110112","atrial heart septal defect 7"
"DOID:0110355","retinitis pigmentosa 32"
"DOID:0110378","retinitis pigmentosa 29"
"DOID:0110385","retinitis pigmentosa 63"
"DOID:0110400","retinitis pigmentosa 22"
"DOID:0110413","retinitis pigmentosa 6"
"DOID:0110416","retinitis pigmentosa 24"
"DOID:0110417","retinitis pigmentosa 34"
"DOID:0110418","retinitis pigmentosa Y-linked"
"DOID:0110419","retinitis pigmentosa with or without situs inversus"
"DOID:0110420","dominant pericentral pigmentary retinopathy"
"DOID:0110421","late-adult onset retinitis pigmentosa"
"DOID:0110422","autosomal recessive pericentral pigmentary retinopathy"
"DOID:0110468","autosomal recessive nonsyndromic deafness 13"
"DOID:0110469","autosomal recessive nonsyndromic deafness 14"
"DOID:0110471","autosomal recessive nonsyndromic deafness 16"
"DOID:0110472","autosomal recessive nonsyndromic deafness 17"
"DOID:0110477","autosomal recessive nonsyndromic deafness 2"
"DOID:0110478","autosomal recessive nonsyndromic deafness 20"
"DOID:0110485","autosomal recessive nonsyndromic deafness 27"
"DOID:0110492","autosomal recessive nonsyndromic deafness 33"
"DOID:0110495","autosomal recessive nonsyndromic deafness 37"
"DOID:0110496","autosomal recessive nonsyndromic deafness 38"
"DOID:0110499","autosomal recessive nonsyndromic deafness 40"
"DOID:0110502","autosomal recessive nonsyndromic deafness 45"
"DOID:0110503","autosomal recessive nonsyndromic deafness 46"
"DOID:0110504","autosomal recessive nonsyndromic deafness 47"
"DOID:0110507","autosomal recessive nonsyndromic deafness 5"
"DOID:0110508","autosomal recessive nonsyndromic deafness 51"
"DOID:0110510","autosomal recessive nonsyndromic deafness 55"
"DOID:0110514","autosomal recessive nonsyndromic deafness 62"
"DOID:0110516","autosomal recessive nonsyndromic deafness 65"
"DOID:0110522","autosomal recessive nonsyndromic deafness 71"
"DOID:0110528","autosomal recessive nonsyndromic deafness 83"
"DOID:0110531","autosomal recessive nonsyndromic deafness 85"
"DOID:0110535","autosomal recessive nonsyndromic deafness 9"
"DOID:0110538","autosomal recessive nonsyndromic deafness 96"
"DOID:0110543","autosomal dominant nonsyndromic deafness 11"
"DOID:0110547","autosomal dominant nonsyndromic deafness 16"
"DOID:0110549","autosomal dominant nonsyndromic deafness 18"
"DOID:0110551","autosomal dominant nonsyndromic deafness 21"
"DOID:0110552","autosomal dominant nonsyndromic deafness 22"
"DOID:0110554","autosomal dominant nonsyndromic deafness 24"
"DOID:0110560","autosomal dominant nonsyndromic deafness 30"
"DOID:0110561","autosomal dominant nonsyndromic deafness 31"
"DOID:0110562","autosomal dominant nonsyndromic deafness 33"
"DOID:0110564","autosomal dominant nonsyndromic deafness 3A"
"DOID:0110568","autosomal dominant nonsyndromic deafness 43"
"DOID:0110570","autosomal dominant nonsyndromic deafness 47"
"DOID:0110572","autosomal dominant nonsyndromic deafness 49"
"DOID:0110575","autosomal dominant nonsyndromic deafness 5"
"DOID:0110577","autosomal dominant nonsyndromic deafness 51"
"DOID:0110578","autosomal dominant nonsyndromic deafness 52"
"DOID:0110579","autosomal dominant nonsyndromic deafness 53"
"DOID:0110580","autosomal dominant nonsyndromic deafness 54"
"DOID:0110582","autosomal dominant nonsyndromic deafness 58"
"DOID:0110583","autosomal dominant nonsyndromic deafness 59"
"DOID:0110591","autosomal dominant nonsyndromic deafness 7"
"DOID:0110698","hypotrichosis 1"
"DOID:0110827","Usher syndrome type 2"
"DOID:0110830","Usher syndrome type 1C"
"DOID:0110831","Usher syndrome type 1D"
"DOID:0110832","Usher syndrome type 1F"
"DOID:0110833","Usher syndrome type 1E"
"DOID:0110834","Usher syndrome type 1G"
"DOID:0110835","Usher syndrome type 1H"
"DOID:0110837","Usher syndrome type 1K"
"DOID:0110859","polycystic kidney disease 2"
"DOID:0111031","hemochromatosis type 5"
"DOID:0111034","hemochromatosis type 2"
"DOID:0111154","postural orthostatic tachycardia syndrome"
"DOID:0111195","erythrokeratodermia variabilis et progressiva 1"
"DOID:1029","familial periodic paralysis"
"DOID:10493","adrenal cortical hypofunction"
"DOID:10609","rickets"
"DOID:11247","disseminated intravascular coagulation"
"DOID:11396","pulmonary edema"
"DOID:11634","myxedema"
"DOID:11981","morbid obesity"
"DOID:12120","pulmonary alveolar proteinosis"
"DOID:12176","goiter"
"DOID:12449","aplastic anemia"
"DOID:12783","migraine without aura"
"DOID:13195","nontoxic goiter"
"DOID:13223","uterine fibroid"
"DOID:13270","erythropoietic protoporphyria"
"DOID:13550","angle-closure glaucoma"
"DOID:1389","polyneuropathy"
"DOID:13911","achromatopsia"
"DOID:14219","renal tubular acidosis"
"DOID:14269","suppurative cholangitis"
"DOID:14270","ascending cholangitis"
"DOID:14445","chronic closed-angle glaucoma"
"DOID:14452","hypokalemic periodic paralysis"
"DOID:1459","hypothyroidism"
"DOID:14693","Clouston syndrome"
"DOID:1825","childhood absence epilepsy"
"DOID:1882","atrial heart septal defect"
"DOID:1920","hyperuricemia"
"DOID:1923","sex development disorder"
"DOID:1984","rectal neoplasm"
"DOID:1993","rectum cancer"
"DOID:2058","chronic mucocutaneous candidiasis"
"DOID:2089","constipation"
"DOID:2479","central nervous system origin vertigo"
"DOID:2560","morphine dependence"
"DOID:2786","cerebellar disease"
"DOID:2920","membranoproliferative glomerulonephritis"
"DOID:2952","inner ear disease"
"DOID:3284","thymic carcinoma"
"DOID:3426","vestibular disease"
"DOID:3651","pyruvate carboxylase deficiency disease"
"DOID:3765","pseudohermaphroditism"
"DOID:3805","porokeratosis"
"DOID:3947","adrenal gland hyperfunction"
"DOID:4386","myofibroma"
"DOID:4554","type C thymoma"
"DOID:483","cavernous hemangioma"
"DOID:4845","pilomyxoid astrocytoma"
"DOID:5062","phencyclidine abuse"
"DOID:5870","eosinophilic pneumonia"
"DOID:614","lymphopenia"
"DOID:7192","hereditary conventional renal cell carcinoma"
"DOID:780","placenta disease"
"DOID:8500","hereditary retinal dystrophy"
"DOID:9255","frontotemporal dementia"
"DOID:9258","Waardenburg's syndrome"
"DOID:9269","maple syrup urine disease"
"DOID:9446","cholangitis"
"DOID:9478","postpartum depression"
"DOID:9503","Loeffler syndrome"
"DOID:9854","lingual-facial-buccal dyskinesia"
"DOID:0040084","Streptococcus pneumonia"
"DOID:0050535","exudative vitreoretinopathy"
"DOID:0050561","Lennox-Gastaut syndrome"
"DOID:0050568","spondylocostal dysostosis"
"DOID:0050597","intestinal schistosomiasis"
"DOID:0050753","cerebellar ataxia"
"DOID:0050905","inflammatory myofibroblastic tumor"
"DOID:0060169","benign familial infantile epilepsy"
"DOID:0060218","CREST syndrome"
"DOID:0060227","Adams-Oliver syndrome"
"DOID:0060228","intracranial berry aneurysm"
"DOID:0060265","pontocerebellar hypoplasia type 1A"
"DOID:0060266","pontocerebellar hypoplasia type 1B"
"DOID:0060319","cardiac arrest"
"DOID:0060467","humeroradial synostosis"
"DOID:0060735","epidermolysis bullosa simplex Dowling-Meara type"
"DOID:0060736","epidermolysis bullosa simplex Ogna type"
"DOID:0060738","junctional epidermolysis bullosa non-Herlitz type"
"DOID:0060831","Griscelli syndrome"
"DOID:0080046","Stickler syndrome"
"DOID:0080188","chronic myelomonocytic leukemia"
"DOID:0080388","nephrotic syndrome type 7"
"DOID:0080531","dedifferentiated liposarcoma"
"DOID:0080533","Carney-Stratakis syndrome"
"DOID:0090015","Cenani-Lenz syndactyly syndrome"
"DOID:0090017","epidermolysis bullosa simplex with muscular dystrophy"
"DOID:0110034","X-linked Alport syndrome"
"DOID:0110921","familial hemophagocytic lymphohistiocytosis 1"
"DOID:0110938","autosomal dominant osteopetrosis 2"
"DOID:0110948","Waardenburg syndrome type 1"
"DOID:0111033","African iron overload"
"DOID:0111078","tibial muscular dystrophy"
"DOID:0111412","exudative vitreoretinopathy 1"
"DOID:10223","dermatomyositis"
"DOID:10247","pleurisy"
"DOID:10762","portal hypertension"
"DOID:10933","obsessive-compulsive disorder"
"DOID:10976","membranous glomerulonephritis"
"DOID:11088","asphyxia neonatorum"
"DOID:11206","opioid abuse"
"DOID:11661","blue color blindness"
"DOID:11723","Duchenne muscular dystrophy"
"DOID:11726","Emery-Dreifuss muscular dystrophy"
"DOID:11836","clubfoot"
"DOID:12028","Conn's syndrome"
"DOID:12132","granulomatosis with polyangiitis"
"DOID:1222","cartilage disease"
"DOID:12271","aniridia"
"DOID:12305","Bloch-Sulzberger syndrome"
"DOID:12466","secondary hyperparathyroidism"
"DOID:12689","acoustic neuroma"
"DOID:127","leiomyoma"
"DOID:12700","hyperprolactinemia"
"DOID:12716","newborn respiratory distress syndrome"
"DOID:13271","cutaneous porphyria"
"DOID:13382","megaloblastic anemia"
"DOID:13543","hyperparathyroidism"
"DOID:13641","exfoliation syndrome"
"DOID:13832","patent ductus arteriosus"
"DOID:13868","hypoactive sexual desire disorder"
"DOID:1388","Tangier disease"
"DOID:13884","sick sinus syndrome"
"DOID:13909","red-green color blindness"
"DOID:13910","red color blindness"
"DOID:13938","amenorrhea"
"DOID:13994","cleidocranial dysplasia"
"DOID:14115","toxic shock syndrome"
"DOID:14175","von Hippel-Lindau disease"
"DOID:14203","childhood type dermatomyositis"
"DOID:14264","benign neonatal seizures"
"DOID:14451","hyperkalemic periodic paralysis"
"DOID:14777","benign familial neonatal epilepsy"
"DOID:1577","limited scleroderma"
"DOID:1702","ichthyosis vulgaris"
"DOID:1724","duodenal ulcer"
"DOID:2121","ectodermal dysplasia"
"DOID:2351","iron metabolism disease"
"DOID:2373","hereditary elliptocytosis"
"DOID:2491","sensory peripheral neuropathy"
"DOID:2557","chondromalacia"
"DOID:2559","opiate dependence"
"DOID:2725","capillary hemangioma"
"DOID:2960","photosensitive trichothiodystrophy"
"DOID:3119","gastrointestinal system cancer"
"DOID:3146","lipid metabolism disorder"
"DOID:3156","hypomelanosis of Ito"
"DOID:3192","neurilemmoma"
"DOID:3196","cellular schwannoma"
"DOID:3205","melanotic neurilemmoma"
"DOID:3206","plexiform schwannoma"
"DOID:3209","junctional epidermolysis bullosa"
"DOID:3382","liposarcoma"
"DOID:3457","invasive lobular carcinoma"
"DOID:3852","Peutz-Jeghers syndrome"
"DOID:4226","endometrial stromal sarcoma"
"DOID:437","myasthenia gravis"
"DOID:4501","orofaciodigital syndrome"
"DOID:4586","familial meningioma"
"DOID:4603","epidermolytic hyperkeratosis"
"DOID:4607","biliary tract cancer"
"DOID:4644","epidermolysis bullosa simplex"
"DOID:4880","kidney clear cell sarcoma"
"DOID:4971","myelofibrosis"
"DOID:520","aortic disease"
"DOID:5394","prolactinoma"
"DOID:5485","synovial sarcoma"
"DOID:5684","spondyloepimetaphyseal dysplasia, Sponastrime type"
"DOID:5690","well-differentiated liposarcoma"
"DOID:5702","pleomorphic liposarcoma"
"DOID:5704","sclerosing liposarcoma"
"DOID:594","panic disorder"
"DOID:6255","growth hormone secreting pituitary adenoma"
"DOID:678","progressive supranuclear palsy"
"DOID:7004","ACTH-secreting pituitary adenoma"
"DOID:7188","autoimmune thyroiditis"
"DOID:799","varicose veins"
"DOID:820","myocarditis"
"DOID:8233","inflammatory liposarcoma"
"DOID:8712","neurofibromatosis"
"DOID:8991","cervix uteri carcinoma in situ"
"DOID:9087","anal carcinoma in situ"
"DOID:9095","esophagus carcinoma in situ"
"DOID:9181","amebiasis"
"DOID:9827","radioulnar synostosis"
"DOID:0050425","restless legs syndrome"
"DOID:0050449","pachyonychia congenita"
"DOID:0050475","Weill-Marchesani syndrome"
"DOID:0050580","hereditary lymphedema"
"DOID:0050636","familial visceral amyloidosis"
"DOID:0050759","myotonic dystrophy type 2"
"DOID:0050854","Muckle-Wells syndrome"
"DOID:0060025","immunoglobulin alpha deficiency"
"DOID:0060194","amyotrophic lateral sclerosis type 2"
"DOID:0060196","amyotrophic lateral sclerosis type 4"
"DOID:0060230","basal ganglia calcification"
"DOID:0060243","stuttering"
"DOID:0060254","Robinow syndrome"
"DOID:0060256","Dowling-Degos disease"
"DOID:0060258","reticulate acropigmentation of Kitamura"
"DOID:0060263","porencephaly"
"DOID:0060267","pontocerebellar hypoplasia type 2A"
"DOID:0060410","chromosome 1p36 deletion syndrome"
"DOID:0060457","posterior polymorphous corneal dystrophy"
"DOID:0060610","megacystis-microcolon-intestinal hypoperistalsis syndrome"
"DOID:0060648","anterior segment dysgenesis"
"DOID:0060695","hyperekplexia"
"DOID:0060696","hyperekplexia 1"
"DOID:0060697","hyperekplexia 2"
"DOID:0060698","hyperekplexia 3"
"DOID:0060707","lymphoproliferative syndrome 1"
"DOID:0060708","lymphoproliferative syndrome 2"
"DOID:0060766","autosomal dominant Robinow syndrome 1"
"DOID:0060856","right atrial isomerism"
"DOID:0070210","hereditary lymphedema IA"
"DOID:0070212","hereditary lymphedema I"
"DOID:0070235","Loeys-Dietz syndrome 1"
"DOID:0080033","craniometaphyseal dysplasia"
"DOID:0080067","Charcot-Marie-Tooth disease type 5"
"DOID:0080141","mosaic variegated aneuploidy syndrome 1"
"DOID:0080190","malignant epithelioid hemangioendothelioma"
"DOID:0080200","bilateral renal aplasia"
"DOID:0080223","epidermolytic palmoplantar keratoderma"
"DOID:0080334","aortic valve disease 2"
"DOID:0080365","endometrial hyperplasia"
"DOID:0080506","Cornelia de Lange syndrome 2"
"DOID:0080507","Cornelia de Lange syndrome 3"
"DOID:0090142","cystathioninuria"
"DOID:0110032","autosomal dominant Alport syndrome"
"DOID:0110033","autosomal recessive Alport syndrome"
"DOID:0110071","arrhythmogenic right ventricular dysplasia 2"
"DOID:0110115","autoimmune lymphoproliferative syndrome type 2A"
"DOID:0110119","autoimmune lymphoproliferative syndrome type 3"
"DOID:0110645","long QT syndrome 2"
"DOID:0110851","rhizomelic chondrodysplasia punctata type 1"
"DOID:0110855","posterior polymorphous corneal dystrophy 1"
"DOID:0110957","Gaucher's disease type I"
"DOID:0110986","Joubert syndrome 17"
"DOID:0111051","platelet-type bleeding disorder 18"
"DOID:0111063","hyperphosphatemic familial tumoral calcinosis"
"DOID:0111064","distal spinal muscular atrophy 1"
"DOID:0111065","distal spinal muscular atrophy 2"
"DOID:0111162","epidermal nevus"
"DOID:0111206","distal hereditary motor neuronopathy type 2"
"DOID:0111243","acromicric dysplasia"
"DOID:0111399","congenital dyserythropoietic anemia type III"
"DOID:0111521","autosomal dominant progressive external ophthalmoplegia 1"
"DOID:10017","multiple endocrine neoplasia type 1"
"DOID:10554","meningoencephalitis"
"DOID:1062","Fanconi syndrome"
"DOID:1064","cystinosis"
"DOID:10772","thrombotic thrombocytopenic purpura"
"DOID:10787","premature menopause"
"DOID:10983","Alport syndrome"
"DOID:11100","Q fever"
"DOID:11111","hydronephrosis"
"DOID:11119","Gilles de la Tourette syndrome"
"DOID:11211","buphthalmos"
"DOID:11554","Chandler syndrome"
"DOID:11555","Fuchs' endothelial dystrophy"
"DOID:11701","selective IgA deficiency disease"
"DOID:11755","choledocholithiasis"
"DOID:11759","hypochromic anemia"
"DOID:11875","denture stomatitis"
"DOID:1192","peripheral nervous system neoplasm"
"DOID:11975","coloboma of optic nerve"
"DOID:12351","alcoholic hepatitis"
"DOID:12377","spinal muscular atrophy"
"DOID:12557","Duane retraction syndrome"
"DOID:12594","Potter's syndrome"
"DOID:1273","respiratory syncytial virus infectious disease"
"DOID:12934","Kearns-Sayre syndrome"
"DOID:13001","carotid stenosis"
"DOID:13100","intracranial vasospasm"
"DOID:13359","Ehlers-Danlos syndrome"
"DOID:1338","congenital dyserythropoietic anemia"
"DOID:13399","color blindness"
"DOID:13487","childhood disintegrative disease"
"DOID:13677","SAPHO syndrome"
"DOID:13777","epidermodysplasia verruciformis"
"DOID:1386","abetalipoproteinemia"
"DOID:1387","hypolipoproteinemia"
"DOID:1391","Norum disease"
"DOID:13912","acquired color blindness"
"DOID:14227","azoospermia"
"DOID:14731","Weaver syndrome"
"DOID:1580","diffuse scleroderma"
"DOID:161","keratosis"
"DOID:1926","Gaucher's disease"
"DOID:1932","Angelman syndrome"
"DOID:1967","leiomyosarcoma"
"DOID:2236","congenital afibrinogenemia"
"DOID:230","lateral sclerosis"
"DOID:2449","acromegaly"
"DOID:2512","nevoid basal cell carcinoma syndrome"
"DOID:2861","congenital nonspherocytic hemolytic anemia"
"DOID:2893","cervix carcinoma"
"DOID:2999","granulosa cell tumor"
"DOID:3016","breast malignant phyllodes tumor"
"DOID:318","progressive muscular atrophy"
"DOID:3193","peripheral nerve sheath neoplasm"
"DOID:3265","chronic granulomatous disease"
"DOID:3275","thymoma"
"DOID:3319","lymphangioleiomyomatosis"
"DOID:341","peripheral vascular disease"
"DOID:3454","brain infarction"
"DOID:3590","gestational trophoblastic neoplasm"
"DOID:365","bladder disease"
"DOID:3911","progeria"
"DOID:3946","pituitary-dependent Cushing's disease"
"DOID:397","restrictive cardiomyopathy"
"DOID:4051","alveolar rhabdomyosarcoma"
"DOID:4247","coronary restenosis"
"DOID:4451","renal carcinoma"
"DOID:4545","mesenchymal chondrosarcoma"
"DOID:4697","perineurioma"
"DOID:5223","infertility"
"DOID:5264","epithelioid leiomyosarcoma"
"DOID:5268","myxoid leiomyosarcoma"
"DOID:5691","visual cortex disease"
"DOID:5828","endometrioid ovary carcinoma"
"DOID:633","myositis"
"DOID:6438","malignant choroid melanoma"
"DOID:6496","extraskeletal myxoid chondrosarcoma"
"DOID:6994","malignant iris melanoma"
"DOID:715","T-cell leukemia"
"DOID:7327","pseudosarcomatous fibromatosis"
"DOID:876","pyomyositis"
"DOID:8857","lupus erythematosus"
"DOID:899","choledochal cyst"
"DOID:9620","vesicoureteral reflux"
"DOID:9673","ulcerative stomatitis"
"DOID:9883","Becker muscular dystrophy"
"DOID:9955","hypoplastic left heart syndrome"
